Store,phone,email,address,website
Canadian Blood Services,613-739-2300,feedback@blood.ca,1800 Alta Vista DrOttawa  ONK1G 4J5,www.blood.ca
Chippewa Health Centre,519-289-5641,info@cottfn.com,322 Chippewa RdMuncey  ONN0L 1Y0,www.cottfn.com/health-department/
Wellness for Seniors,519-595-8755,milvertonoutreach@knollcrestlodge.com,PO Box 453Milverton  ONN0K 1M0,www.knollcrestlodge.com
Health Services,519-289-2957,ahws@munsee.ca,289 Jubilee Rd  RR 1Muncey  ONN0L 1Y0,
Exercise and Wellness,,info@onecaresupport.ca,Betty Cardno Memorial Centre317 Huron StClinton  ONN0M 1L0,www.onecaresupport.ca/services/maintaining-your-he...
Exercise and Wellness,,info@onecaresupport.ca,Betty Cardno Memorial Centre317 Huron StClinton  ONN0M 1L0,www.onecaresupport.ca/services/maintaining-your-he...
Exercise and Wellness,,info@onecaresupport.ca,Betty Cardno Memorial Centre317 Huron StClinton  ONN0M 1L0,www.onecaresupport.ca/services/maintaining-your-he...
Wellness,519-348-9765,maco@ritzlutheranvilla.com,4118A Rd 164  RR 5Mitchell  ONN0K 1N0,www.ritzlutheranvilla.com/maco/home.html
Wellness Programs,519-284-3272,homesupport@town.stmarys.on.ca,Box 998St Marys  ONN4X 1B6,www.townofstmarys.com/en/recreation-and-culture/Ho...
Blood Pressure Clinic,St Thomas: 519-637-6408East Elgin: 519-765-2999,,175 S Edgeware RdSt Thomas  ONN5P 4C4,www.vonme.ca
Blood Pressure Clinic,Administration: 519-659-2273,,1151 Florence St  Suite 200London  ONN5W 2M7,vonme.ca
Blood Pressure Clinic,519-268-7028,jill.ouimette@von.ca,Thames Centre Recreation Complex2066 Dorchester RdDorchester  ONN0L 1G2,www.vonme.ca
Blood Pressure Clinic,519-245-3170,laura.bos@von.ca,274 Head St NStrathroy  ONN7G 4L7,www.vonme.ca
Community Blood Pressure Clinic,519-768-1715,info@wechc.on.ca,153 Main StWest Lorne  ONN0L 2P0,wechc.on.ca/programs/community-support-services-fo...
Cardio Vascular Awareness Program (CHAP),519-236-4373 ext 632,s.masse@bluewaterresthome.com,37792 Zurich-Hensall RdZurich  ONN0M 2T0,www.bwrh.ca
Blood Pressure Clinic,519-238-1556 ext 231,,69 Main St EGrand Bend  ONN0M 1T0,www.gbachc.ca/community-and-wellness-programs
Childhood Cancer Program - Hematology/Oncology,519-685-8500 ext 57396,,800 Commissioners Rd E  Zone B  Level 1London  ONN6A 5W9,www.lhsc.on.ca/hematology-oncology
Cancer Centre,Information: 519-376-2121 ext 3922Oncology Clinic: 519-376-2121 ext 2566Bookings: 519-376-2121 ext 3921,web@gbhs.on.ca,1800 8th St E  Box 1800Owen Sound  ONN4K 6M9,www.gbhs.on.ca/cancer-centre/
London Regional Cancer Program,Automated Switchboard: 519-685-8500General Information: 519-685-8380Patient Information: 519-667-6619,,,www.lhsc.on.ca/About_Us/LRCP/
Urology Centre,519-646-6100 ext 66053,comdept@sjhc.london.on.ca,PO Box 5777  Stn BLondon  ONN6A 4V2,www.sjhc.london.on.ca/urology
Chemotherapy Unit,519-631-2030 ext 2217,publicrelations@stegh.on.ca,South Building  Wing A189 Elm StSt Thomas  ONN5R 5C4,www.stegh.on.ca/hospital-services/chemotherapy
Chemotherapy,519-272-8210 ext 2330,,West Building  Level 346 General Hospital DrStratford  ONN5A 2Y6,www.hpha.ca/chemotherapy
Chemotherapy Unit,519-357-3210 ext 5220,,270 Carling TerraceWingham  ONN0G 2W0,www.lwha.ca/care/oncology/
Cancer Clinic,519-685-8600 ext 53256,,270 Carling TerraceWingham  ONN0G 2W0,www.lwha.ca/care/oncology/
Chemotherapy,519-421-4211 ext 3126,info@wgh.on.ca,310 Juliana DrWoodstock  ONN4V 0A4,www.wgh.on.ca/display/OS/Chemotherapy
Complex Continuing Care Services,519-485-1700,info@ahi.ca,29 Noxon StIngersoll  ONN5C 1B8,www.alexandrahospital.on.ca/areas-of-care/medical-...
Complex Continuing Care,519-482-3440 ext 6234,,98 Shipley StClinton  ONN0M 1L0,www.hpha.ca/default.aspx?cid=96
Complex Continuing Care,519-534-1260,web@gbhs.on.ca,369 Mary StWiarton  ONN0H 2T0,www.gbhs.on.ca/complex-care
Complex Continuing Care,519-291-3125 ext 6223,,255 Elizabeth St EListowel  ONN4W 2P5,lwha.ca/care/inpatient-medical/
Complex Continuing Care,519-527-1650 ext 4250,,24 Centennial Dr  PO Box 99Seaforth  ONN0K 1W0,www.hpha.ca/complexcontinuingcare
Complex Continuing Care,519-235-2700,shha.administration@shha.on.ca,24 Huron St WExeter  ONN0M 1S2,www.shha.on.ca
Complex Care Program,519-646-6100 ext 44015,complexcare@sjhc.london.on.ca,Main BldgPO Box 5777  Stn BLondon  ONN6A 4V2,www.sjhc.london.on.ca/complexcare
Complex Continuing Care,519-646-6100 ext 44015,complexcare@sjhc.london.on.ca,Main BldgPO Box 5777  Stn BLondon  ONN6A 4V2,www.sjhc.london.on.ca/complex-care/complex-continu...
Complex Continuing Care,519-284-1332 ext 3403,administration@hpha.ca,267 Queen St W  Box 940St Marys  ONN4X 1B6,www.hpha.ca/default.aspx?cid=96
Complex Continuing Care,519-631-2030 ext 2308,publicrelations@stegh.on.ca,South Building  Upper Fl189 Elm StSt Thomas  ONN5R 5C4,www.stegh.on.ca/hospital-services/continuing-care-...
Complex Continuing Care,519-272-8210 ext 2474,,46 General Hospital DrStratford  ONN5A 2Y6,www.hpha.ca/
Complex Continuing Care,519-842-3611,mail@tdmh.on.ca,167 Rolph StTillsonburg  ONN4G 3Y9,www.tillsonburghospital.on.ca/areas-of-care/comple...
Complex Continuing Care,519-357-3210 ext 5210,,270 Carling TerraceWingham  ONN0G 2W0,www.lwha.ca/care/inpatient-medical/
Complex Care,519-421-4211,info@wgh.on.ca,310 Juliana DrWoodstock  ONN4V 0A4,www.wgh.on.ca/display/OS/Complex+Care+Services
Ontario Seniors Dental Care Program,519-376-9420 ext 8,publichealth@publichealthgreybruce.on.ca,101 17th St EOwen Sound  ONN4K 0A5,www.publichealthgreybruce.on.ca
Dental Services,519-376-9420 ext 8,publichealth@publichealthgreybruce.on.ca,101 17th St EOwen Sound  ONN4K 0A5,www.publichealthgreybruce.on.ca
Oral Health,519-271-7600 ext 267,,653 West Gore StStratford  ONN5A 1L4,www.pdhu.on.ca/programs-and-services/dental-health...
Oral Health,519-663-5317 ext 2231,health@mlhu.on.ca,Citi Plaza355 Wellington St  Suite 110London  ONN6A 3N7,www.healthunit.com/dental-health
Norfolk Community Help Centre,519-875-4601,nchc@kwic.com,Houghton Public School505 Fairground Side Rd  RR 5Langton  ONN0E 1G0,
Oral Health Services,519-631-9900,dental@swpublichealth.ca,1230 Talbot St  Clinical ServicesSt Thomas  ONN5P 1G9,www.swpublichealth.ca/en/my-health/dental-health.a...
Schulich Medicine and Dentistry - Dental Clinic,Main Adult Clinic: 519-661-3326Children's Clinic: 519-661-3329Dental Emergency Clinic: 519-661-3331,schulich.dentistry@schulich.uwo.ca,Dental Sciences BuildingUniversity of Western Ontario  1003London  ONN6A 5C1,www.schulich.uwo.ca/dentistry/
Children's Dental Clinic,519-661-3329,childrensclinic@schulich.uwo.ca,Dental Sciences BuildingUniversity of Western Ontario  1005London  ONN6A 5C1,www.schulich.uwo.ca/dentistry/dental_clinics/child...
Dental Outreach Community Service (DOCS),519-661-2111,schulich.dentistry@schulich.uwo.ca,Dental Sciences BuildingUniversity of Western Ontario  Rm 0160MLondon  ONN6A 5C1,www.schulich.uwo.ca/dentistry/dental_clinics/docs/...
Ontario Seniors Dental Care Program,Ontario Seniors Dental Care Program: 416-916-0204Health Unit Dental Services: 888-221-2133,,c/o Ontario Seniors Dental Care ProgramStn P  PO Box 159Toronto  ONM5S 2S7,www.hpph.ca
Ontario Seniors Dental Care Program,Ontario Seniors Dental Care Program: 416-916-0204Health Unit Dental Services: 1-888-221-2133 ext 3267,,c/o Ontario Seniors Dental Care ProgramStn P  PO Box 159Toronto  ONM5S 2S7,www.hpph.ca
Ontario Seniors Dental Care Program,Ontario Seniors Dental Care Program: 416-916-0204Health Unit Dental Services: 519-663-5317 ext 2231,health@mlhu.on.ca,c/o Ontario Seniors Dental Care ProgramStn P  PO Box 159Toronto  ONM5S 2S7,www.healthunit.com
Dental Care For Low-Income Seniors,416-916-0204,,c/o Ontario Seniors Dental Care ProgramStation PPO Box 159Toronto  ONM5S 2S7,www.ontario.ca/page/dental-care-low-income-seniors
Healthy Smiles Ontario,,,33 King St W  PO Box 645Oshawa  ONL1H 8X1,www.ontario.ca/page/get-dental-care
Ontario Seniors Dental Care Program,Ontario Seniors Dental Care Program: 416-916-0204Health Unit Dental Services: 519-421-9901,info@swpublichealth.ca,c/o Ontario Seniors Dental Care ProgramStn P  PO Box 159Toronto  ONM5S 2S7,www.swpublichealth.ca/en/my-health/dental-health.a...
Faculty of Dentistry, Dental Clinic,416-864-8000 ; Children's Clinic 416-864-8280,,Faculty of Dentistry124 Edward StToronto  ONM5G 1G6,patients.dentistry.utoronto.ca/patients
Diagnostic Services,519-485-1700,info@ahi.ca,29 Noxon StIngersoll  ONN5C 1B8,www.alexandrahospital.on.ca/areas-of-care/diagnost...
Diagnostic Imaging Department,519-524-8323 ext 5474,amgh.administration@amgh.ca,120 Napier StGoderich  ONN7A 1W5,www.amgh.ca/medicalimaging/
Aylmer Ultrasound,519-773-3683,aylmerus@amtelecom.net,Aylmer Medical Centre418 Talbot St W  Unit 6Aylmer  ONN5H 1K9,www.aylmerultrasound.com
Imaging Department,Imaging Department: 519-482-3447Bone Mineral Densitometry: 519-482-3440 ext 6270Ultrasound and X-ray: 519-482-3440 ext 6255,,98 Shipley StClinton  ONN0M 1L0,www.hpha.ca/Default.aspx?cid=112〈=1
Elgin Imaging Services,519-631-6437,,St Thomas Family Health Centre230 First Ave  Suite 119St Thomas  ONN5R 4P5,
Diagnostic Imaging Services,519-693-4441General inquiries: 519-693-4441 ext 2414,,RR 3Newbury  ONN0L 1Z0,www.mhalliance.on.ca/service/ct-scan-and-other-dia...
Greater Niagara Medical Imaging - Stratford,519-273-1721,,Stratford Medical Centre444 Douro St  Suite 102Stratford  ONN5A 0E6,
Diagnostic Imaging Department - General Radiography,Central Scheduling: 519-793-6317 (Mon-Fri 8:30am-4:30pm),web@gbhs.on.ca,22 Moore StLion's Head  ONN0H 1W0,www.gbhs.on.ca/medical-imaging
Diagnostic Imaging Department,1-888-525-0553 to book an appointment,web@gbhs.on.ca,55 Isla St  Box 406Markdale  ONN0C 1H0,www.gbhs.on.ca/medical-imaging/
Diagnostic Imaging Department,Central Scheduling: 519-538-2576 (Mon-Fri 8am-4pm),web@gbhs.on.ca,229 Nelson St WMeaford  ONN4L 1A3,www.gbhs.on.ca/medical-imaging
Medical Imaging Department,Central Scheduling: 519-376-2648 (Mon-Fri 8am-4pm),web@gbhs.on.ca,1800 8th St E  Box 1800Owen Sound  ONN4K 6M9,www.gbhs.on.ca/medical-imaging/
Medical Imaging Department,Central Scheduling: 519-797-1121 (Mon-Fri 8am-5pm),web@gbhs.on.ca,340 High StSouthampton  ONN0H 2L0,www.gbhs.on.ca/medical-imaging
Diagnostic Imaging Department,Central Scheduling: 519-534-5211 (Mon-Fri 8am-4pm),web@gbhs.on.ca,369 Mary StWiarton  ONN0H 2T0,www.gbhs.on.ca/medical-imaging
Diagnostic Imaging,519-364-2340 ext 223,info@hdhospital.ca,90 7th AveHanover  ONN4N 1N1,www.hanoverhospital.on.ca/programs.php?pgid=69
KMH Cardiology Centres - Woodstock,1-877-564-5227,,437 Norwich AveWoodstock  ONN4S 3W5,www.kmhlabs.com
Breast Health Centre,519-292-2071  OBSP: 519-291-5490,,255 Elizabeth St EListowel  ONN4W 2P5,www.lwha.ca/
Diagnostic Imaging Department,519-292-2071,,255 Elizabeth St EListowel  ONN4W 2P5,www.lwha.ca/care/diagnostic-imaging/
Diagnostic Imaging Services,Automated Switchboard: 519-685-8500General Information: 519-685-8380Patient Information: 519-667-6619,,339 Windermere RdLondon  ONN6A 5A5,www.lhsc.on.ca/About_Us/LHSC/Maps_Directions/UH/in...
Diagnostic Imaging Services,Automated Switchboard: 519-685-8500General Information: 519-685-8380Patient Information: 519-667-6619,,800 Commissioners Rd ELondon  ONN6A 5W9,www.lhsc.on.ca/About_Us/LHSC/Maps_Directions/VH_Ma...
London Scoping Centre,519-433-4700,,310 Wellington Rd SLondon  ONN6C 4P4,www.londonscopingcentre.ca
London X-Ray Associates - London - Boler Rd,519-672-7900,info@lxa.on.ca,440 Boler RdLondon  ONN6K 4L2,www.lxa.on.ca
London X-Ray Associates - London - Bradley Ave,519-672-7900,info@lxa.on.ca,Bradley Medical Centre595 Bradley Ave  Suite 105London  ONN6E 3Z8,www.lxa.on.ca
London X-Ray Associates - London - Central Ave,519-672-7900,info@lxa.on.ca,Medical Dental Building450 Central Ave  Unit 104London  ONN6B 2E8,www.lxa.on.ca
London X-Ray Associates - London - Dundas St,519-672-7900,info@lxa.on.ca,1657 Dundas St ELondon  ONN5W 3C6,www.lxa.on.ca
London X-Ray Associates - Springbank Dr,519-672-7900,info@lxa.on.ca,460 Springbank DrLondon  ONN6J 1H1,www.lxa.on.ca
Lucan Diagnostic Imaging,226-304-4664,ldimaging.clinic@gmail.com,268 Main StLucan  ONN0M 2J0,
MyHealth Centre - Arva - Cardiology, Nuclear Medicine and Ultrasound,1-888-313-0904,London_Arva@MyHealthCentre.ca,21589 Richmond St NArva  ONN0M 1C0,myhealthcentre.ca/location/london-arva/
Gynecology, Fertility and Diagnostic Imaging,1-888-376-8112,London_Fanshawe@MyHealthCentre.ca,North London Medical Centre1055 Fanshawe Park Rd W  Unit 301London  ONN6G 5B4,myhealthcentre.ca/location/london-fanshawe/
MyHealth Centre - London - Southdale - X-ray and Ultrasound,1-888-820-0376,London_Southdale@MyHealthCentre.ca,Nixon Medical Centre510 Southdale Rd E  Suite 103London  ONN6E 0B2,www.myhealthcentre.ca/location/london-southdale/
MyHealth Centre - London - Wharncliffe - Bone Mineral Density, X-ray and Ultrasound,1-888-903-5012,London_Wharncliffe_Radiology@MyHealthCentre.ca,Wharncliffe Health Centre279 Wharncliffe Rd N  Suite 111London  ONN6A 2C2,www.myhealthcentre.ca/location/london-wharncliffe/
Ontario Breast Screening Program - South West,519-432-0255,breastscreen@cancercare.on.ca,c/o OBSP Regional Office800 Commissioners Rd ELondon  ONN6A 5W9,www.cancercareontario.ca/en/cancer-care-ontario/pr...
Owen Sound Medical Imaging,519-376-2000,,Owen Sound Medical Centre1415 1st Ave W  Suite 3006Owen Sound  ONN4K 4K8,www.osmedicalimaging.com
Imaging Department,For Bookings: 519-272-8212 Office: 519-527-1650,,24 Centennial Dr  PO Box 99Seaforth  ONN0K 1W0,www.hpha.ca/imaging
Diagnostic Imaging,519-363-2340,info@sbghc.on.ca,39 2nd St SEChesley  ONN0G 1L0,www.sbghc.on.ca/programs-services/diagnostic-imagi...
Diagnostic Imaging,519-369-2340,info@sbghc.on.ca,320 College St N  PO Box 638Durham  ONN0G 1R0,www.sbghc.on.ca/programs-services/diagnostic-imagi...
Diagnostic Imaging,519-396-3331 ext 4308,info@sbghc.on.ca,1199 Queen StKincardine  ONN2Z 1G6,www.sbghc.on.ca/programs-services/diagnostic-imagi...
Diagnostic Imaging,519-881-1220 ext 2201,info@sbghc.on.ca,PO Box 1300Walkerton  ONN0G 2V0,www.sbghc.on.ca/programs-services/diagnostic-imagi...
Diagnostic Imaging Department,519-235-5163Cardiac Stress Testing: 519-235-2700 ext 5164,shha.administration@shha.on.ca,24 Huron St WExeter  ONN0M 1S2,www.shha.on.ca/di/
Diagnostic Imaging,519-646-6100 ext 42066,,Main BldgPO Box 5777  Stn BLondon  ONN6A 4V2,www.sjhc.london.on.ca/diagnostic-imaging/parkwood-...
Diagnostic Imaging Centre,519-646-6100 ext 66035,,PO Box 5777  Stn BLondon  ONN6A 4V2,www.sjhc.london.on.ca/diagnosticimaging
Imaging,519-284-1332 ext 3329,,267 Queen St W  Box 940St Marys  ONN4X 1B6,www.hpha.ca/default.aspx?cid=112
Diagnostic Imaging Department,519-631-2030 ext 2000,publicrelations@stegh.on.ca,Ground Floor  West Wing189 Elm StSt Thomas  ONN5R 5C4,www.stegh.on.ca/hospital-services/diagnostic-imagi...
St Thomas Obstetrical and Gynecological Ultrasound,Ultrasound: 519-631-8531Doctor's Office: 519-637-3987,,460 Wellington St  Suite 201St Thomas  ONN5R 6H9,
Imaging Department,519-272-8212,,46 General Hospital DrStratford  ONN5A 2Y6,www.hpha.ca/imaging
Diagnostic Imaging Services,Switchboard: 519-245-1550,admin@mha.tvh.ca,395 Carrie StStrathroy  ONN7G 3J4,www.mhalliance.on.ca/service/ct-scan-and-other-dia...
Diagnostic and Treatment Services,Diagnostic and Treatment Services: 519-842-6335,mail@tdmh.on.ca,167 Rolph StTillsonburg  ONN4G 3Y9,www.tillsonburghospital.on.ca
Westminster Mobile Medical Imaging,519-601-3007,info@wmmii.ca,320 Adelaide St SLondon  ONN5Z 3L2,www.wmmii.ca
Diagnostic Imaging Department,519-357-3912,,270 Carling TerraceWingham  ONN0G 2W0,www.lwha.ca/care/diagnostic-imaging/
Woodstock Diagnostic Imaging - X-Ray and Ultrasound Clinic,519-539-8888,,510 Ingersoll Ave  Unit 207Woodstock  ONN4S 4X9,
Diagnostic Imaging Department,519-421-4204,info@wgh.on.ca,310 Juliana DrWoodstock  ONN4V 0A4,www.wgh.on.ca/display/OS/Diagnostic+Imaging
Georgian Radiology Consultants - Collingwood,Office 705-444-9280,,The Shipyards28 Huron St  Suite 400Collingwood  ONL9Y 1C4,www.georgianradiology.com
STL Diagnostic Imaging,,,150 Bridgeland Ave  Suite 207Toronto  ONM6A 1Z5,www.stlimaging.ca/index.cfm
StL Diagnostic Imaging - Burlington,905-637-6608,,Burlington Medical Professional Centre3155 Harvester Rd  Suite 310Burlington  ONL7N 3V2,www.stlimaging.ca
Emergency Department,519-485-1700 ext 8237,info@ahi.ca,29 Noxon StIngersoll  ONN5C 1B8,www.alexandrahospital.on.ca/emergency-department
Emergency Department,519-524-8323 ext 5258,amgh.administration@amgh.ca,120 Napier StGoderich  ONN7A 1W5,www.amgh.ca/emergency/
Children's Emergency Department,Switchboard: 519-685-8500Emergency Department: 519-685-8141Patient Information: 519-663-3163,,800 Commissioners Rd E  Zone D  First FlLondon  ONN6A 5W9,www.lhsc.on.ca/emergency-department
Virtual Emergency Clinic,519-685-8735,,,www.lhsc.on.ca/emergency-department
Emergency Department,519-482-3440 ext 6240,,98 Shipley StClinton  ONN0M 1L0,www.hpha.ca/Default.aspx?cid=100〈=1
Emergency Rooms,519-693-4441General inquiries: 519-693-4441 ext 2414,,RR 3Newbury  ONN0L 1Z0,www.mhalliance.on.ca/service/emergency-departments...
Emergency Department,519-793-3424,web@gbhs.on.ca,22 Moore StLion's Head  ONN0H 1W0,www.gbhs.on.ca/emergency-department
Emergency Department,519-986-3040,web@gbhs.on.ca,55 Isla St  Box 406Markdale  ONN0C 1H0,www.gbhs.on.ca/emergency-department
Emergency Department,519-538-1311,web@gbhs.on.ca,229 Nelson St WMeaford  ONN4L 1A3,www.gbhs.on.ca/emergency-department
Emergency Department,519-376-2121 ext 2029,web@gbhs.on.ca,1800 8th St E  Box 1800Owen Sound  ONN4K 6M9,www.gbhs.on.ca/emergency-department
Emergency Department,519-797-3230,web@gbhs.on.ca,340 High StSouthampton  ONN0H 2L0,www.gbhs.on.ca/emergency-department
Emergency Department,519-534-1260,web@gbhs.on.ca,369 Mary StWiarton  ONN0H 2T0,www.gbhs.on.ca/emergency-department/
Emergency Department,519-364-2340,info@hdhospital.ca,90 7th AveHanover  ONN4N 1N1,www.hanoverhospital.on.ca/programs.php?pgid=44
Emergency Department,519-291-3125 ext 6253,,255 Elizabeth St EListowel  ONN4W 2P5,www.lwha.ca/care/emergency/
Emergency Department,Automated Switchboard: 519-685-8500General Information: 519-685-8380Patient Information: 519-667-6619,,339 Windermere RdLondon  ONN6A 5A5,www.lhsc.on.ca/About_Us/LHSC/Maps_Directions/UH/in...
Emergency Rooms,Automated Switchboard: 519-685-8500General Information: 519-685-8380Patient Information: 519-667-6619,,800 Commissioners Rd ELondon  ONN6A 5W9,www.lhsc.on.ca/Patients_Families_Visitors/LHSC/In_...
Emergency Department,519-527-1650,,Main Level24 Centennial Dr  PO Box 99Seaforth  ONN0K 1W0,www.hpha.ca/emergency
Emergency Department,519-363-2340,info@sbghc.on.ca,39 2nd St SEChesley  ONN0G 1L0,www.sbghc.on.ca/programs-services/emergency-depart...
Emergency Department,519-369-2340,info@sbghc.on.ca,320 College St N  PO Box 638Durham  ONN0G 1R0,www.sbghc.on.ca/programs-services/emergency-depart...
Emergency Department,519-396-3331,info@sbghc.on.ca,1199 Queen StKincardine  ONN2Z 1G6,www.sbghc.on.ca/programs-services/emergency-depart...
Emergency Department,519-881-1220,info@sbghc.on.ca,PO Box 1300Walkerton  ONN0G 2V0,www.sbghc.on.ca/programs-services/emergency-depart...
Emergency Department,519-235-2700,shha.administration@shha.on.ca,24 Huron St WExeter  ONN0M 1S2,www.shha.on.ca/ed/
Regional Sexual Assault and Domestic Violence Treatment Program,519-646-6100 ext 64224,russsell.roth@sjhc.london.on.ca,PO Box 5777  Stn BLondon  ONN6A 4V2,www.sjhc.london.on.ca
Emergency Department,Auto Attendant: 519-284-1332Switchboard: 519-284-1330,administration@hpha.ca,South Wing  Main Level267 Queen St W  Box 940St Marys  ONN4X 1B6,www.hpha.ca/default.aspx?cid=100
Emergency Department,Office: 519-631-2030,publicrelations@stegh.on.ca,Ground Floor  North Building189 Elm StSt Thomas  ONN5R 5C4,www.stegh.on.ca/hospital-services/emergency-servic...
Emergency Department,519-272-8210 ext 8200,,East Building  Level 146 General Hospital DrStratford  ONN5A 2Y6,www.hpha.ca/emergency
Emergency Rooms,519-245-1550,admin@mha.tvh.ca,395 Carrie StStrathroy  ONN7G 3J4,www.mhalliance.on.ca/service/emergency-departments...
Emergency Department,519-842-3611 ext 5230,mail@tdmh.on.ca,167 Rolph StTillsonburg  ONN4G 3Y9,www.tillsonburghospital.on.ca/index.php?option=com...
Emergency Department,519-357-3210,,270 Carling TerraceWingham  ONN0G 2W0,www.lwha.ca/care/emergency/
Emergency Department,519-421-4222,info@wgh.on.ca,310 Juliana DrWoodstock  ONN4V 0A4,www.wgh.on.ca/display/OS/Emergency
Bluewater Area Family Health Team (BAFHT),519-236-4314,,PO Box 98Zurich  ONN0M 2T0,www.bluewaterhealthteam.ca
Brockton and Area Family Health Team,519-507-2021,,South Bruce Grey Health CentreBox 1300Walkerton  ONN0G 2V0,www.bafht.com
Chesley Site,519-363-3119,,33 2nd St SE  Box 127Chesley  ONN0G 1L0,www.bafht.com
Durham Site,519-369-3007,,Box 759Durham  ONN0G 1R0,www.bafht.com
Mildmay Site,226-909-3470 (Dr Mekhael)647-951-1290 (Dr Bowman),,12a Absalom St EMildmay  ONN0G 2J0,www.bafht.com
Paisley Site,226-909-3662,,Paisley and Area Health Clinic127 Victoria St S  Box 369Paisley  ONN0G 2N0,www.bafht.com
Walkerton Site,519-507-2021,,South Bruce Grey Health CentreBox 1300Walkerton  ONN0G 2V0,www.bafht.com
Clinton Family Health Team,519-482-3000,,Clinton Health CentreBox 69Clinton  ONN0M 1L0,www.clintonfht.ca
Port Rowan Medical Centre,519-586-3143,,1035 Bay StPort Rowan  ONN0E 1M0,dfht.ca/port-rowan-medical-clinic
East Elgin Family Health Team,519-773-3715,,424 Talbot St WAylmer  ONN5H 1K9,www.eefht.ca
Straffordville Site,519-773-3715,,424 Talbot St WAylmer  ONN5H 1K9,www.eefht.ca
Four Counties Family Health Team,519-287-2616,jray@fourcountiesfht.ca,253A Main StGlencoe  ONN0L 1M0,www.fourcountiesfht.com
Hanover Family Health Team,519-506-4348,,Hanover and District Hospital90 7th Ave  2nd FlHanover  ONN4N 1N1,www.hanoverfht.ca
Hanover Medical Associates Site,519-364-2820,,Hanover Medical Clinic118 7th AveHanover  ONN4N 2G9,www.hanoverfht.ca
Happy Valley Family Health Team,519-284-3450,,St Marys Wellness CentreBox 1120St Marys  ONN4X 1B7,www.happyvalleyfht.ca
Huron Community Family Health Team,519-600-2273,info@hcfht.ca,Box 460Seaforth  ONN0K 1W0,www.hcfht.ca
Brussels Medical Centre,519-887-8886,info@hcfht.ca,373 Turnberry St  Box 129Brussels  ONN0G 1H0,www.hcfht.ca
Lighthouse Medical Centre,519-565-4141,info@hcfht.ca,2 Bayfield Main St SBayfield  ONN0M 1G0,www.hcfht.ca
Kincardine Family Health Team,519-396-2700,administration@kincardinefht.ca,1201 Queen StKincardine  ONN2Z 1G4,www.bakfht.ca
London Family Health Team,,,1261 Beaverbrook AveLondon  ONN6H 5G3,www.londonfht.ca
Byron Family Medical Centre,519-472-9670,,1228 Commissioners Rd WLondon  ONN6K 1C7,www.bfmc.ca
Victoria Family Medical Centre,519-433-8424,,60 Chesley AveLondon  ONN5Z 2C1,thamesvalleyfht.ca/clinic/victoria-family-health-c...
Maitland Valley Family Health Team,519-524-6060,info1@mvmc.ca,Maitland Valley Medical Centre180 Cambria Rd NGoderich  ONN7A 4N8,www.mvfht.ca
North Huron Family Health Team,519-357-3930,,Box 208Wingham  ONN0G 2W0,www.nhfht.ca
Lucknow Site,519-528-2810,,Lucknow Medical Centre691 Havelock StLucknow  ONN0G 2H0,www.nhfht.ca
Teeswater Site,519-392-6813,,c/o PO Box 119Teeswater Clinic2 Janet St STeeswater  ONN0G 2S0,www.nhfht.ca
North Perth Family Health Team,Office: 519-291-4200Programs: 519-291-3125 ext 6265,info@npfht.ca,Fisher Family Primary Care Centre185 Inkerman StListowel  ONN4W 2N1,www.npfht.ca
Owen Sound Family Health Team,519-470-3030,info@osfht.ca,Owen Sound Medical Centre1415 1st Ave W  Suite 2000Owen Sound  ONN4K 4K8,www.osfht.ca
Peninsula Family Health Team,519-793-3445,,24 Moore StLion's Head  ONN0H 1W0,
Tobermory Site,519-596-2305,,7275 Hwy 6Tobermory  ONN0H 2R0,
Sauble Family Health Team,519-422-1321,,672 B Main StSauble Beach  ONN0H 2G0,www.saublefht.ca
STAR Family Health Team,519-273-1060,,700 O'Loane AveStratford  ONN5A 6S6,www.starfht.ca
Avon Family Medicine Centre,519-508-1212,,511 Huron StStratford  ONN5A 5T8,www.starfht.ca
O'Loane Medical Clinic,519-273-1060,,700 O'Loane AveStratford  ONN5A 6S6,www.starfht.ca
Tavistock Community Health,519-655-2322,,PO Box 310Tavistock  ONN0B 2R0,www.tchi.ca
Stratford Family Health Team,519-273-7017,,444 Douro Street  Suite 202Stratford  ONN5A 0E6,www.sfht.on.ca
Thames Valley Family Health Team,519-473-0530,info@thamesvalleyfht.ca,Administrative Office1385 North Routledge Park  Unit 6London  ONN6H 5N5,www.thamesvalleyfht.ca
Elmwood Family Health Centre,519-631-3223Family Health Team: ext 117,,Elgin Centre (Elgin Mall)417 Wellington St  Suite 111St Thomas  ONN5R 5J5,www.thamesvalleyfht.ca/clinic/elmwood-family-healt...
Forest City Family Health Organization,519-434-2944 ext 151,,450 Central Ave  Unit 409London  ONN6B 2E8,www.thamesvalleyfht.ca/clinic/forest-city-family-h...
Middlesex Centre Family Medicine Clinic,519-666-1610,,Box 160Ilderton  ONN0M 2A0,www.thamesvalleyfht.ca/clinic/middlesex-centre-reg...
Old South Family Health Organization,519-433-3180 * see below for a complete list of doctors' phone numbers,,460 Springbank Dr  Suite 308London  ONN6J 1H1,www.thamesvalleyfht.ca/clinic/old-south-family-hea...
Oxford Medical Group,Oxford Clinic: 519-432-6786Wharncliffe Clinic: 519-645-0100,,312 Oxford St WLondon  ONN6H 4N6,www.thamesvalleyfht.ca/clinic/chelsey-park-medical...
Southwest Middlesex Health Centre,Office: 519-264-2800Thames Valley Family Health Team Lead: 519-264-2800 ext 2331,mail@smhc.net,22262 Mill Rd  RR 5Mount Brydges  ONN0L 1W0,www.thamesvalleyfht.ca/clinic/southwest-middlesex-...
Strathroy Family Health Organization - Ailsa Craig Site,519-293-3981,,147 Main StAilsa Craig  ONN0M 1A0,www.thamesvalleyfht.ca/clinic/strathroy-family-hea...
Strathroy Family Health Organization - Strathroy Site,519-245-3590,info@thamesvalleyfht.ca,278 Metcalfe St WStrathroy  ONN7G 1N3,www.thamesvalleyfht.ca/clinic/strathroy-family-hea...
Strathroy Medical Clinic,519-245-0430 ext 219,slewis@strathroymedicalclinic.com,74 Front St EStrathroy  ONN7G 1Y7,www.thamesvalleyfht.ca/clinic/strathroy-medical-cl...
West London Family Health Clinic,519-641-6712,,Westmount Shopping Centre785 Wonderland Rd S  Suite 200London  ONN6K 1M6,www.thamesvalleyfht.ca/clinic/west-london-family-h...
Westmount Family Physicians,226-272-0272,email@westmountfamilyphysicians.com,Westmount Shopping Centre785 Wonderland Rd S  Suite 254London  ONN6K 1M6,www.thamesvalleyfht.ca/clinic/westmount-family-hea...
Whitehills Medical Centre,519-472-0040Family Health Team: 519-474-2576 ext 125,,North London Medical Centre1055 Fanshawe Park Rd W  Doctors Suite: 101Family Health Team Suite: 105London  ONN6G 5B4,www.thamesvalleyfht.ca/clinic/whitehills-medical-c...
Windemere Family Medical Centre,519-631-5670Family Health Team: ext 285,,460 Wellington St  Suite 301St Thomas  ONN5R 5X8,www.thamesvalleyfht.ca/clinic/windemere-family-med...
Woodstock - 959 Dundas St,519-537-6701 or 519-290-5055,info@thamesvalleyfht.ca,959 Dundas St EWoodstock  ONN4S 1H2,www.thamesvalleyfht.ca/clinic/woodstock-medical-cl...
Association of Family Health Teams of Ontario,647-234-8605,info@afhto.ca,400 University Ave  Suite 2100Toronto  ONM5G 1S5,www.afhto.ca
Delhi Family Health Team,519-582-2323,,Delhi Community Health Centre105 Main StDelhi  ONN4B 2L8,dfht.ca
Clinton Health Centre,519-482-3000,,105 Shipley StClinton  ONN0M 1L0,www.clintonfht.ca
Core Family Health Centre,519-963-1875,,825 Richmond StLondon  ONN6H 3H7,corefamilyhealth.com
Dr Russell M Hall Family Health Centre,519-863-2338,,c/o PO Box 550Dr Russell M Hall Family Health Centre32 South Court St ENorwich  ONN0J 1P0,
Dutton Medical Centre,519-762-0943,,156 Currie RdDutton  ONN0L 1J0,www.duttondunwich.on.ca/dutton-medical-centre
Elmdale Family Health Organization,226-210-3773,,Elmdale Health Centre25 Elm St  Suite 104St Thomas  ONN5R 1H5,
Exeter FHO - South Huron Medical Centre - Exeter Family Health Organization,519-235-3343,heather.klopp@shha.on.ca,c/o Heather KloppSouth Huron Medical Centre23 Huron St WExeter  ONN0M 1S2,
Kincardine Community Medical Clinic,519-396-4300,,1201 Queen StKincardine  ONN2Z 3C1,
Victoria Family Medical Centre,519-433-8424,,60 Chesley AveLondon  ONN5Z 2C1,thamesvalleyfht.ca/clinic/victoria-family-health-c...
Milverton and District Medical Centre,519-595-8548,,50 William St  Suite 101  PO Box 149Milverton  ONN0K 1M0,
Mitchell Family Doctors,519-348-8402,,7 Frances StMitchell  ONN0K 1N0,www.mitchellfamilydoctors.ca
Nixon Family Medical Clinic,519-914-4305,info@nixonfamilymedical.com,510 Southdale Rd E  Suite 201London  ONN6E 0B2,www.nixonfamilymedical.com
Obstetrics, Palliative Care, and Newborn Circumcision Clinic,519-472-2920,,510 Southdale Rd E  Suite 201London  ONN6E 0B2,www.drkirkhamilton.ca
South Huron Medical Centre,519-235-3343,heather.klopp@shha.on.ca,South Huron Medical Centre23 Huron St WExeter  ONN0M 1S2,www.shha.on.ca/fmc/
St Joseph's Family Medical and Dental Centre,Medical Centre: 519-672-9660Dental Centre: 519-646-6022,comdept@sjhc.london.on.ca,346 Platts LaneLondon  ONN6G 1J1,www.sjhc.london.on.ca/familymedicaldental
Thames Medical Centre,519-425-4275,ingphysio@execulink.com,99 Thames St N  Unit D RearIngersoll  ONN5C 3C6,www.thamesmedicalcentre.com
Middlesex Centre Family Medicine Clinic,519-666-1610,,Box 160Ilderton  ONN0M 2A0,www.thamesvalleyfht.ca/clinic/middlesex-centre-reg...
Oxford Medical Group,Oxford Clinic: 519-432-6786Wharncliffe Clinic: 519-645-0100,,312 Oxford St WLondon  ONN6H 4N6,www.thamesvalleyfht.ca/clinic/chelsey-park-medical...
Strathroy Medical Clinic,519-245-0430 ext 219,slewis@strathroymedicalclinic.com,74 Front St EStrathroy  ONN7G 1Y7,www.thamesvalleyfht.ca/clinic/strathroy-medical-cl...
West London Family Health Clinic,519-641-6712,,Westmount Shopping Centre785 Wonderland Rd S  Suite 200London  ONN6K 1M6,www.thamesvalleyfht.ca/clinic/west-london-family-h...
Whitehills Medical Centre,519-472-0040Family Health Team: 519-474-2576 ext 125,,North London Medical Centre1055 Fanshawe Park Rd W  Doctors Suite: 101Family Health Team Suite: 105London  ONN6G 5B4,www.thamesvalleyfht.ca/clinic/whitehills-medical-c...
Woodstock - 959 Dundas St,519-537-6701 or 519-290-5055,info@thamesvalleyfht.ca,959 Dundas St EWoodstock  ONN4S 1H2,www.thamesvalleyfht.ca/clinic/woodstock-medical-cl...
Thompson Medical Centre,519-601-8621 (519-601-TMC1),info@thompsonmedical.ca,130 Thompson RdLondon  ONN5Z 2Y6,www.thompsonmedical.ca
Tillsonburg Family Physicians,519-842-3636,,594 Broadway  Unit 4Tillsonburg  ONN4G 5K9,
Tillsonburg Medical Centre,519-842-4231,,Tillsonburg Town Centre200 Broadway StTillsonburg  ONN4G 5A7,www.tillsonburgmedicalcentre.ca
Absolute Health and Wellness Centre - Foot Care and Orthotics,519-773-2863,,587 John St NAylmer  ONN5H 2B6,
Anita Idema - Registered Chiropodist,519-422-3232,anita.idema@yahoo.ca,Advanced Pain Relief Clinic587 Johnston AvePort Elgin  ONN0H 2C3,brucecountyfootclinic.com
Atrium Foot Clinic - Owen Sound Location,,,Greystone Office and Medical Centre345 8th St E  Suite 202Owen Sound  ONN4K 1L3,www.atriumfootclinic.ca/
Back in Motion Physiotherapy and Rehabilitation Clinic,519-688-9926,info@backinmotionphysiotherapy.ca,19 Baldwin StTillsonburg  ONN4G 2K3,
Bayshore Home Health - London Branch,519-438-6313,mbloodworth@bayshore.ca,Bradley Medical Centre595 Bradley Ave  2nd FlLondon  ONN6E 3Z8,www.bayshore.ca/locations/bayshore-home-health-lon...
BioPed - London East,519-451-7474,londoneast@bioped.com,125 Clarke Rd  Unit 2London  ONN5W 5W1,www.bioped.com
BioPed - London North,519-474-4668,londonnorth@bioped.com,1900 Hyde Park RdLondon  ONN6H 5L9,www.bioped.com
BioPed - London South,519-686-0709,london@bioped.com,607 Wellington Rd SLondon  ONN6C 4R3,www.bioped.com
BioPed - Stratford,519-273-9037,kitchener@bioped.com,311 Church StStratford  ONN5A 2R9,www.bioped.com
Cherryhill Foot Care,519-672-8872,cherryhillfootcare@bellnet.ca,101 Cherryhill Blvd  Suite 200London  ONN6H 4S4,
Chippewa Health Centre,519-289-5641,info@cottfn.com,322 Chippewa RdMuncey  ONN0L 1Y0,www.cottfn.com/health-department/
Divinity Foot Care,519-320-0445,divinityfootcare@gmail.com,c/o Gail McLaughlin  RPNHillcrest Plaza338 Dundas St  Suite 103Woodstock  ONN4S 1B4,
Elgin County Foot Services,519-631-0000,info@elgincountyfootservices.com,Sunset Medical Centre184 Sunset DrSt Thomas  ONN5R 3B9,www.elgincountyfootservices.com
Exeter Footcare Clinic,519-229-6420,,5703 Perth Line 20  RR 1Fullarton  ONN0K 1H0,
First Ave Foot Clinic,519-637-8006,firstavefootclinic@gmail.com,c/o First Ave Foot Clinic112 First AveSt Thomas  ONN5R 4P1,www.firstavefootclinic.com
Foot by Foot,519-539-1344,info@footbyfoot.ca,Princess Street Medical Centre600 Princess St  Unit 102Woodstock  ONN4S 4H4,www.footbyfoot.ca
Foot Care By Gail,519-285-3066Cell 519-320-8346,gailcoleman@rogers.com,212 Delatre St WThamesford  ONN0M 2M0,
Foot Care Clinic,519-421-2586,,c/o Active Physiotherapy Solutions729 Devonshire Ave  Unit 1Woodstock  ONN4S 5R3,
Foot Clinic (The),519-649-1501,,1 Commissioners Rd  Suite 205London  ONN6C 5Z3,www.thefootcliniclondon.ca
Georgian Bay Foot Health,519-416-3338,info@georgianbayfoothealth.com,Owen Sound Professional Building945 3rd Ave E  Unit 4COwen Sound  ONN4K 2K8,www.rainvillehealth.com
Diabetic Foot Ulcer Clinic,519-376-2121 ext 2876,web@gbhs.on.ca,Ambulatory Care Department1800 8th St EOwen Sound  ONN4K 6M9,www.diabetesgreybruce.ca
Grey-Bruce Foot Clinic,519-506-3500,info@greybrucefootclinic.ca,570 1st StHanover  ONN4N 3X5,www.greybrucefootclinic.ca
Helen Rice In-Home Foot Care,519-986-3860,,73 Lorne StMarkdale  ONN0C 1H0,
Huron Foot Clinic,519-524-9500,,54 West StGoderich  ONN7A 2K3,
Ingersoll Foot and Ankle Clinic,519-485-1750,info@huntfootcare.com,238 Thames St S (side entrance)Ingersoll  ONN5C 2T5,www.huntfootcare.com/
Foot Care Clinics,Services for Seniors: 519-485-2269Ingersoll 50+ Activity Centre: 519-485-3869,info@ingersollseniors.com,250 Ingersoll St SIngersoll  ONN5C 3J7,www.Ingersollseniors.com
Joan The Foot Nurse,519-377-7792,joanied1@hotmail.com,556 Louisa StWiarton  ONN0H 2T0,
Kincardine Foot Care and Orthotics,519-396-9255,kincardinetotalfootcare@yahoo.ca,277 Lambton StKincardine  ONN2Z 2Y1,www.kincardinetotalfootcare.ca
Wellness for Seniors,519-595-8755,milvertonoutreach@knollcrestlodge.com,PO Box 453Milverton  ONN0K 1M0,www.knollcrestlodge.com
Kyle Foot and Orthotics Clinic,519-663-9832,info@kylefoot-orthotics.com,339 Wellington Rd  Suite 135London  ONN6C 5Z9,www.kylefoot-orthotics.com
Lifemark Physiotherapy - Westmount,519-657-4035,westmount@lifemark.ca,Westmount Mall Shopping Centre785 Wonderland Rd SLondon  ONN6K 1M6,www.lifemark.ca/Westmount
London Diabetes Foot Clinic,519-432-9468,londondiabeticfootclinic@gmail.com,310 Wellington RdLondon  ONN6C 4P4,
London Family Foot Clinic,226-636-0866,londonfamilyfootclinic@gmail.com,1055 Fanshawe Park Rd W  Unit 302London  ONN6G 5B4,
London Foot Specialists,519-432-3636,info@huntfootcare.com,279 Wharncliffe Rd N  Suite 108London  ONN6H 2C2,www.huntfootcare.com
MacKay Centre for Seniors,519-524-6660,mackaycentre@hurontel.on.ca,10 Nelson St EGoderich  ONN7A 1R6,www.mackaycentreforseniors.com
McRae Foot Health Centre,519-474-7744,orthoticexpert@footspecialist.ca,747 Hyde Park Rd  Suite 115London  ONN6H 3S3,www.footspecialist.ca
Health Services,519-289-2957,ahws@munsee.ca,289 Jubilee Rd  RR 1Muncey  ONN0L 1Y0,
Nurse Next Door Home Care Services - London,519-859-5070,london@nursenextdoor.com,,www.nursenextdoor.com/locations/london-on/
Foot Care Clinics,,info@onecaresupport.ca,Betty Cardno Memorial Centre317 Huron StClinton  ONN0M 1L0,www.onecaresupport.ca/services/maintaining-your-he...
Foot Care,,info@onecaresupport.ca,Betty Cardno Memorial Centre317 Huron StClinton  ONN0M 1L0,www.onecaresupport.ca/services/maintaining-your-he...
Brussels,,info@onecaresupport.ca,Betty Cardno Memorial Centre317 Huron StClinton  ONN0M 1L0,www.onecaresupport.ca/services/maintaining-your-he...
Lucknow,,info@onecaresupport.ca,Betty Cardno Memorial Centre317 Huron StClinton  ONN0M 1L0,www.onecaresupport.ca/services/maintaining-your-he...
Foot Care,,info@onecaresupport.ca,Betty Cardno Memorial Centre317 Huron StClinton  ONN0M 1L0,www.onecaresupport.ca/services/maintaining-your-he...
Foot Care,,info@onecaresupport.ca,Betty Cardno Memorial Centre317 Huron StClinton  ONN0M 1L0,www.onecaresupport.ca/services/maintaining-your-he...
Physiotherapy Alliance,519-272-1023,stratford@physiotherapyalliance.com,457 Huron St  Unit 4Stratford  ONN5A 5T8,www.physiotherapyalliance.com
Physiotherapy Alliance - Goderich,519-612-2345,goderich@physiotherapyalliance.com,181 Cambria Rd NGoderich  ONN7A 2R2,www.physiotherapyalliance.com
Physiotherapy Alliance - Milverton,519-595-2072,,50 William St  Unit 38Milverton  ONN0K 1M0,www.physiotherapyalliance.com
Physiotherapy Alliance - Mitchell,519-348-0096,stratford@physiotherapyalliance.com,7 Frances StMitchell  ONN0K 1N0,www.physiotherapyalliance.com
Safe 'n Sound,519-470-7233,safensoundresidence@gmail.com,Box 162Owen Sound  ONN4K 5P3,
Foot Care Clinic,519-986-2222,info@segchc.ca,PO Box 360Markdale  ONN0C 1H0,www.segchc.ca
Foot Care Clinic,519-284-3272,homesupport@town.stmarys.on.ca,Box 998St Marys  ONN4X 1B6,www.townofstmarys.com/en/recreation-and-culture/Ho...
Stepping Forward Advanced and Diabetic Foot Care,519-374-5720,,340 Wellington StPort Elgin  ONN0H 2C4,
Stratford Foot and Ankle Clinic,519-271-8834,stratford@huntfootcare.com,502 Huron StStratford  ONN5A 5T7,www.huntfootcare.com
Sweet Feet,519-372-9665,sweet.feet.care@gmail.com,318 5th Ave A WOwen Sound  ONN4K 6S7,
Foot Care,519-842-9000,info@multiservicecentre.com,96 Tillson AveTillsonburg  ONN4G 3A1,www.multiservicecentre.com
Chiropody Services,519-768-1715,info@wechc.on.ca,153 Main StWest Lorne  ONN0L 2P0,wechc.on.ca/programs/chiropody/
Wellness for Seniors,519-236-4373 ext 632,s.masse@bluewaterresthome.com,37792 Zurich-Hensall RdZurich  ONN0M 2T0,www.bwrh.ca
Westmount Foot and Orthotic Clinic,519-471-5822,info@westmountfootclinic.ca,910 Talisman CresLondon  ONN6K 0B7,www.westmountfootclinic.ca
Woodstock Hospital,519-421-4211,info@wgh.on.ca,310 Juliana DrWoodstock  ONN4V 0A4,www.wgh.on.ca
Arkona Foot Clinic,519-828-3192,,7335 Arkona RdArkona  ONN0M 1B0,www.arkonafootclinic.com
Chippewa Health Centre,519-289-5641,info@cottfn.com,322 Chippewa RdMuncey  ONN0L 1Y0,www.cottfn.com/health-department/
Immunization Clinics,519-376-9420,immunization@publichealthgreybruce.on.ca,101 17th St EOwen Sound  ONN4K 0A5,www.publichealthgreybruce.on.ca/Your-Health/Immuni...
Immunizations and Vaccines,,,77722B London Rd  RR5Clinton  ONN0M 1L0,www.hpph.ca
Immunization Clinics,,,653 West Gore StStratford  ONN5A 1L4,www.pdhu.on.ca/classes-clinics-and-services/immuni...
Immunization Clinic (The) - London,519-663-5317,health@mlhu.on.ca,Citi Plaza355 Wellington St  Suite 110London  ONN6A 3N7,www.healthunit.com/immunization-clinic
Travel Immunization Clinic (The),519-663-3395,travel@mlhu.on.ca,Citi Plaza355 Wellington St  Suite 110London  ONN6A 3N7,www.healthunit.com/travel
Immunization Clinic (The),519-663-5317,health@mlhu.on.ca,Kenwick Mall51 Front St EStrathroy  ONN7G 1Y5,www.healthunit.com/immunization-clinic
Health Services,519-289-2957,ahws@munsee.ca,289 Jubilee Rd  RR 1Muncey  ONN0L 1Y0,
Norfolk Community Help Centre,519-875-4601,nchc@kwic.com,Houghton Public School505 Fairground Side Rd  RR 5Langton  ONN0E 1G0,
TB Testing,519-631-9900,info@swpublichealth.ca,1230 Talbot StSt Thomas  ONN5P 1G9,www.swpublichealth.ca/en/classes-clinics-and-servi...
Immunization Services,519-631-9900,immunization@swpublichealth.ca,1230 Talbot StSt Thomas  ONN5P 1G9,www.swpublichealth.ca/your-health/immunization/imm...
Vaccine Preventable Diseases,519-421-9901,immunization@swpublichealth.ca,410 Buller StWoodstock  ONN4S 4N2,www.swpublichealth.ca/booking
Immunization Services,519-421-9901 ext 3490,immunization@swpublichealth.ca,410 Buller StWoodstock  ONN4S 4N2,www.swpublichealth.ca/immunization
Community Nursing,519-376-5895,von4you.greybruce@von.ca,1280 20th St E  Box 969Owen Sound  ONN4K 6H6,www.von.ca
Yellow Fever Vaccination Centres in Canada,613-957-8739,yfinfofj@phac-aspc.gc.ca,100 Colonnade Rd  AL 6201 BOttawa  ONK1A 0K9,www.canada.ca/en/public-health/services/travel-hea...
Babcock Community Care Centre,519-693-4415,admin@babcockonline.com,PO Box 190Wardsville  ONN0L 2N0,www.babcockonline.com
Bobier Villa,519-762-2417,bv@elgin.ca,1 Bobier LaneDutton  ONN0L 1J0,www.elgincounty.ca/homes-seniors-services/bobier-v...
Braemar Retirement Centre,519-357-3430,archie.macgowan@braemar-rc.com,719 Josephine St N  RR 1Wingham  ONN0G 2W0,www.braemar-rc.com
Brucelea Haven Long-Term Care,519-881-1570,bcblh@brucecounty.on.ca,41 McGivern St W  Box 1600Walkerton  ONN0G 2V0,www.brucecounty.on.ca/office-location/brucelea-hav...
Caressant Care - Courtland,519-688-0710,mhough@caressantcare.com,PO Box 279Courtland  ONN0J 1E0,www.caressantcare.com
Caressant Care - Listowel,519-291-1041,,710 Reserve Ave SListowel  ONN4W 2L1,www.caressantcare.com
Caressant Care - Woodstock,519-539-6461,,81 Fyfe AveWoodstock  ONN4S 8Y2,www.caressantcare.com
Caressant Care on Bonnie Place - St Thomas,519-633-6493,,15 Bonnie PlaceSt Thomas  ONN5R 5T8,www.caressantcare.com
Caressant Care on Mary Bucke - St Thomas,519-633-3164,adminmarybucke@caressantcare.com,4 Mary Bucke StSt Thomas  ONN5R 5J6,www.caressantcare.com/home.php?id=31
Chartwell Aylmer Long Term Care Residence,519-773-3423,ldemaiter@chartwell.com,465 Talbot St WAylmer  ONN5H 1K8,www.chartwell.com/long-term-care-homes/chartwell-a...
Chartwell London Long Term Care Residence,519-434-2727,,2000 Blackwater RdLondon  ONN5X 4K6,chartwell.com/en/retirement-residences/chartwell-l...
Chartwell Parkhill Long Term Care Residence,519-294-6342,,250 Tain StParkhill  ONN0M 2K0,www.chartwell.com
Chelsey Park Nursing Home,519-432-1855,sholster@southbridgecare.ca,310 Oxford St WLondon  ONN6H 4N6,www.chelseypark.com
Country Lane Long Term Care Residence,519-794-2244,countrylaneltc@southbridgecare.ca,317079 Hwy 6 and 10  RR 3Chatsworth  ONN0H 1G0,www.country-lane.ca
Country Terrace,519-657-2955,,RR 3Komoka  ONN0L 1R0,omniway.ca/homes/country-terrace/
Craigholme Nursing Home,519-293-3215,info@craigwielgardens.on.ca,221 Ailsa Craig Main St  RR 1Ailsa Craig  ONN0M 1A0,craigwielgardens.on.ca/
Dearness Home,Administration: 519-661-0400,jharwood@london.ca,710 Southdale Rd ELondon  ONN6E 1R8,london.ca/living-london/community-services/senior-...
Earls Court Village,519-601-5088,infoec@svch.ca,1390 Highbury Ave NLondon  ONN5Y 0B6,www.svch.ca/long-term-care/earls-court-village/loc...
Elgin Abbey Continuing Care Residence for Seniors,519-363-3195,bdent@extendicare.com,PO Box 7Chesley  ONN0G 1L0,
Elgin Manor,519-631-0620,em@elgin.ca,RR 1St Thomas  ONN5P 3S5,www.elgincounty.ca/homes-seniors-services/elgin-ma...
Elmwood Place,519-433-7259,elmwoodpl@reveraliving.com,46 Elmwood Place WLondon  ONN6J 1J2,www.reveraliving.com/long-term-care/locations/elmw...
Errinrung Long Term Care Home and Retirement Community,519-599-2737,contact@southbridgecare.com,67 Bruce St S  Box 69Thornbury  ONN0H 2P0,southbridgecarehomes.com
Exeter Villa Retirement Living and Long Term Care,519-235-1581,Erika.K@Exetervilla.ca,155 John St EExeter  ONN0M 1S1,atkcare.com/exetervilla.html
Extendicare - London,519-433-6658,cnh_london@extendicare.com,860 Waterloo StLondon  ONN6A 3W6,www.extendicarelondon.com
Extendicare - Port Stanley,519-782-3339,mrainsforth@extendicare.com,4551 East StPort Stanley  ONN5L 1J6,www.extendicareportstanley.com
Fordwich Village Nursing Home,519-335-3168,susan.j@fordwichvillage.ca,3063 Adelaide StFordwich  ONN0G 1V0,atkcare.com/fordvichvillage.html
Gateway Haven,519-534-1113,gatewayhavenreception@brucecounty.on.ca,PO Box 10Wiarton  ONN0H 2T0,www.brucecounty.on.ca/office-location/gateway-have...
Georgian Heights Health Care Centre,519-371-1441,,1115 10th St EOwen Sound  ONN4K 6B1,www.georgian-heights.ca
Golden Dawn Senior Citizen Home,519-793-3433,office@goldendawn.ca,80 Main StLion's Head  ONN0H 1W0,www.goldendawn.ca
Greenwood Court ( Long Term Care ),519-273-4662,ldavidson@tcmhomes.com,90 Greenwood DrStratford  ONN5A 7W5,www.tcmhomes.com/greenwood/greenwood.html
Grey Gables Long-Term Care,519-986-3010,,PO Box 380Markdale  ONN0C 1H0,www.grey.ca/health-social-services/long-term-care/...
Hanover Care Centre,519-364-3700,hcc@bmts.com,700 19th AveHanover  ONN4N 3S6,www.cancarecentres.ca
Henley Place Long Term Care Home,519-951-0220,henleyplace@primacareliving.com,1961 Cedarhollow BlvdLondon  ONN5X 0K2,www.primacareliving.com
Hillside Manor Long Term Care,519-393-5132,hillside@reveraliving.com,RR 5Stratford  ONN5A 6S6,www.reveraliving.com/hillside
Huronlea Home for the Aged,519-887-9267,inquiries@huroncounty.ca,820 Turnberry St SBrussels  ONN0G 1H0,www.huroncounty.ca/homes-for-the-aged/long-term-ca...
Huronview Home for the Aged,519-482-3451,contactseniors@huroncounty.ca,Hwy 4 S  RR 5Clinton  ONN0M 1L0,www.huroncounty.ca/homes-for-the-aged/long-term-ca...
Kensington Village - Long-Term Care,519-455-3910,infokv@svch.ca,1340 Huron StLondon  ONN5V 3R3,www.svch.ca
Kingsway Lodge Long-Term Care,519-284-2921,info@kingswaylodge.com,310 Queen St E  RR 6St Marys  ONN4X 1C8,www.kingswaylodge.com
Knollcrest Lodge,519-595-8121,,PO Box 453Milverton  ONN0K 1M0,www.knollcrestlodge.com
Lee Manor,519-376-4420,,875 6th St EOwen Sound  ONN4K 5W5,www.grey.ca/health-social-services/long-term-care/...
Maitland Manor,519-524-7324,taadams@southbridgecare.ca,290 South StGoderich  ONN7A 4G6,www.maitlandmanor.ca
Maple Manor Nursing Home,519-842-3563,,73 Bidwell StTillsonburg  ONN4G 3T8,
Maple View Long-Term Care,519-376-2522,tgivens@southbridgecare.ca,1029 4th Ave WOwen Sound  ONN4K 4W1,maple-view.ca
Maples Home for Seniors,519-655-2344,jhergott@caressantcare.com,94 William St STavistock  ONN0B 2R0,www.caressantcare.com/retirement-homes/the-maples-...
McCormick Home,519-432-2648,,2022 Kains RdLondon  ONN6K 0A8,www.mccormickhome.ca
McGarrell Place,519-672-0500,mcgarrell@reveraliving.com,355 McGarrell DrLondon  ONN6G 0B1,www.reveraliving.com
Meadow Park Long Term Care,519-686-0484,,1210 Southdale Rd ELondon  ONN6E 1B4,www.jarlette.com/long-term-care/meadow-park-london
Meaford Long Term Care Centre,519-538-1010,,135 William StMeaford  ONN4L 1T4,www.peoplecare.ca/meaford
Middlesex Terrace,519-652-3483,,RR 1Delaware  ONN0L 1E0,www.middlesexterrace.ca
TSI'Nu:Yoyantle'Na'Tuhuwatisni,519-652-1345,maureen.kelly@oneidaltch.ca,2229 Elm AveSouthwold  ONN0L 2G0,www.oneida.on.ca/long-term-care-facility
Parkview Manor Health Care Centre,519-363-2416,,98 3rd St SE  Box 298Chesley  ONN0G 1L0,www.parkview-manor.ca
peopleCare - Oakcrossing London,519-641-0021,,1242 Oakcrossing RdLondon  ONN6H 0G2,www.peoplecare.ca/long-term-care/peoplecare-oakcro...
PeopleCare Communities - Tavistock,519-655-2031,,c/o Deb Wettlaufer28 William St N  Box 460Tavistock  ONN0B 2R0,www.peoplecare.ca
Pinecrest Manor,519-528-2820,pinecrest@reveraliving.com,399 Bob St  Box 220Lucknow  ONN0G 2H0,www.reveraliving.com/pinecrest
Queensway Long Term Care - Queensway Retirement Community,519-262-2830,dmcLeod@southbridgecare.ca,100 Queen St E  Box 369Hensall  ONN0M 1X0,www.queenswayltc.ca
Ritz Lutheran Villa,519-348-8612,info@ritzlutheranvilla.com,4118A Rd 164  RR 5Mitchell  ONN0K 1N0,www.ritzlutheranvilla.com
Mitchell Nursing Home,519-348-8861,mnh@ezlink.on.ca,184 Napier St  Suburban Services 1Mitchell  ONN0K 1N0,www.ritzlutheranvilla.com/rlv/campuses/mitchellnur...
Rockwood Terrace,519-369-6035,,Box 660Durham  ONN0G 1R0,www.grey.ca/health-social-services/long-term-care/...
Seaforth Long Term Care Home and Retirement Community,519-527-0030,CaStewart@southbridgecare.ca,100 James St  PO Box 280Seaforth  ONN0K 1W0,seaforthltc.ca
Secord Trails Care Community - Ingersoll,519-485-3920,,263 Wonham St SIngersoll  ONN5C 3P6,www.siennaliving.ca
South West LHIN Long-Term Care Homes Network,,,,
Southampton Care Centre,519-797-3220,,140 Grey St SSouthampton  ONN0H 2L0,www.jarlette.com/long-term-care/southampton-care-c...
Spruce Lodge Continuum of Care,519-271-4090,peterb@sprucelodge.on.ca,643 W Gore StStratford  ONN5A 1L4,sprucelodge.on.ca/
Sprucedale Care Centre,519-245-2808,info@sprucedale.ca,96 Kittridge Ave EStrathroy  ONN7G 2A8,www.sprucedale.ca
Mount Hope Centre for Long Term Care - St Mary's and Marian Villa,519-646-6100,,PO Box 5777London  ONN6A 1Y6,www.sjhc.london.on.ca/mounthope
Strathmere Lodge,519-245-2520,,PO Box 5000Strathroy  ONN7G 3J3,www.middlesex.ca/departments/long-term-care
Summit Place Long Term Care,519-376-3212,summitplace@reveraliving.com,850 4th St EOwen Sound  ONN4K 6A3,www.reveraliving.com
Terrace Lodge,519-773-9205,tl@elgin.ca,475 Talbot St EAylmer  ONN5H 3A5,www.elgincounty.ca/seniors-services/our-homes/terr...
Trillium Court,519-396-4400,trillium@reveraliving.com,550 Philip PlaceKincardine  ONN2Z 3A6,www.reveraliving.com
Valleyview Home Long-Term Care,519-631-1030,mcarroll@stthomas.ca,350 Burwell RdSt Thomas  ONN5P 0A3,www.stthomas.ca/living_here/valleyview
Village Long Term Care,519-364-4320,thevillagesrscomm@reveraliving.com,101 10th StHanover  ONN4N 1M9,www.reveraliving.com
Village of Glendale Crossing - Long-Term Care,519-668-5600,glendale.admin@schlegelvillages.com,3030 Singleton AveLondon  ONN6L 0B6,www.schlegelvillages.com
Blue Water Rest Home,519-236-4373,bwrh.info@bluewaterresthome.com,RR 3  37792 Zurich-Hensall RdZurich  ONN0M 2T0,www.bwrh.ca
Westmount Gardens Long Term Care Community,519-472-6424,westmountgardens@srgroup.ca,590 Longworth RdLondon  ONN6K 4X9,ltc.srgroup.ca/westmountgardens_london.htm
Wildwood Care Centre,519-284-3628,swalsh@omniway.ca,Box 2200St Marys  ONN4X 1A1,www.wildwoodcarecentre.com
Woodingford Lodge - Woodstock,519-421-5556,,300 Juliana DrWoodstock  ONN4V 0A1,www.oxfordcounty.ca/ServicesforYou/LongTermCare/Ab...
Ingersoll,519-485-7053,,325 Thames St SIngersoll  ONN5C 2T8,www.oxfordcounty.ca/ServicesforYou/LongTermCare/Ab...
Tillsonburg,519-688-4874,,52 Venison St WTillsonburg  ONN4G 1V1,www.oxfordcounty.ca/ServicesforYou/LongTermCare/Ab...
Sunnybrook Veterans Centre,,vac.information.acc@canada.ca,Sunnybrook Health Sciences Centre2075 Bayview AveToronto  ONM4N 3M5,www.veterans.gc.ca/eng
Long-Term Care ACTION Line,Outside Ontario: 416-326-6777,,,www.health.gov.on.ca/en/common/system/services/lhi...
Reports on Long-Term Care Homes,,,,publicreporting.ltchomes.net/en-ca/default.aspx
Laboratory,519-524-8323 ext 5460,amgh.administration@amgh.ca,120 Napier StGoderich  ONN7A 1W5,www.amgh.ca/laboratory/
Laboratory Services,519-482-3447 ext 6243,,98 Shipley StClinton  ONN0M 1L0,www.hpha.ca/default.aspx?cid=109〈=1
Dutton Medical Centre,519-762-0943,,156 Currie RdDutton  ONN0L 1J0,www.duttondunwich.on.ca/dutton-medical-centre
Dynacare (AMG) - London - Victoria St,519-432-1560,,Advance Medical Building230 Victoria St  Unit 112London  ONN6A 2C2,www.dynacare.ca
Dynacare - Goderich,519-612-1608,,Maitland Valley Medical Centre180 Cambria Rd NGoderich  ONN7A 4N8,www.dynacare.ca
Dynacare - London - Boler Rd,519-472-8611,,440 Boler Rd  Unit 102London  ONN6K 4L2,www.dynacare.ca
Dynacare - London - Bradley Ave,519-668-6195,,Bradley Medical Centre595 Bradley AveLondon  ONN6E 3Z8,www.dynacare.ca
Dynacare - London - Dundas St,519-453-0960,,1553 Dundas StLondon  ONN5W 5Y5,www.dynacare.ca
Dynacare - London - Highbury Ave,519-433-7042,,1570 Highbury AveLondon  ONN5Y 5N7,www.dynacare.ca
Dynacare - Seaforth,519-600-0127,,Huron East Health Center32B-1 Centennial DrSeaforth  ONN0K 1W0,www.dynacare.ca
Dynacare - Strathroy,519-245-3130,,Strathroy Medical Clinic74 Front St EStrathroy  ONN7G 1Y7,www.dynacare.ca
Laboratory Services,1-888-525-0553 to book an appointment,web@gbhs.on.ca,22 Moore StLion's Head  ONN0H 1W0,www.gbhs.on.ca/laboratory
Laboratory Services,1-888-525-0553 to book an appointment,web@gbhs.on.ca,55 Isla St  Box 406Markdale  ONN0C 1H0,www.gbhs.on.ca/laboratory
Laboratory Services,1-888-525-0553 to book an appointment,web@gbhs.on.ca,229 Nelson St WMeaford  ONN4L 1A3,www.gbhs.on.ca/laboratory
Laboratory Services,1-888-525-0553 to book an appointment,web@gbhs.on.ca,340 High StSouthampton  ONN0H 2L0,www.gbhs.on.ca/laboratory
Laboratory Services,1-888-525-0553 to book an appointment,web@gbhs.on.ca,369 Mary StWiarton  ONN0H 2T0,www.gbhs.on.ca/laboratory
Kincardine Community Medical Clinic,519-396-4300,,1201 Queen StKincardine  ONN2Z 3C1,
LifeLabs - Aylmer,,,Aylmer Medical Centre424 Talbot St W  L8Aylmer  ONN5H 1K9,www.lifelabs.com/
LifeLabs - Clinton,519-482-5521,contactus@lifelabs.com,Clinton Health Centre105 Shipley StClinton  ONN0M 1L0,www.lifelabs.com
LifeLabs - Hanover,,contactus@lifelabs.com,Hanover Medical Clinic Building  Lower Level118 7th Ave  Unit 103Hanover  ONN4N 2G9,www.lifelabs.com/
LifeLabs - Ingersoll,,,45 King St EIngersoll  ONN5C 1G5,www.lifelabs.com/
LifeLabs - Listowel,,contactus@lifelabs.com,185 Inkerman St EListowel  ONN4W 2N1,www.lifelabs.com
LifeLabs - London - 1055 Fanshawe Park Rd W,,,North London Medical Centre1055 Fanshawe Park Rd W  Suite 104London  ONN6G 0W7,www.lifelabs.com
LifeLabs - London - 1350 Fanshawe Park Rd W,,contactus@lifelabs.com,1350 Fanshawe Park Rd W  Unit 3London  ONN6G 5B4,www.lifelabs.com
LifeLabs - London - Central Ave,,contactus@lifelabs.com,450 Central Ave  Unit 211-212London  ONN6B 2E8,www.lifelabs.com
LifeLabs - London - Main Office - Baseline Rd E,,,746 Baseline Rd E  Suite 101London  ONN6C 5Z2,www.lifelabs.com
LifeLabs - London - Springbank Dr,1-877-849-3637,,460 Springbank DrLondon  ONN6J 1G8,locations.lifelabs.com/details/ON/London/334/
LifeLabs - London - Western University,,contactus@lifelabs.com,University of Western Ontario  University Community Centre1151 Richmond St  Bottom Fl  34ALondon  ONN6A 3K6,www.lifelabs.com
LifeLabs - London - Wharncliffe Rd N,,contactus@lifelabs.com,279 Wharncliffe Rd N  Suite B-025London  ONN6H 2C2,locations.lifelabs.com/details/ON/London/55/
LifeLabs - Owen Sound - Third Ave E,,contactus@lifelabs.com,Owen Sound Professional Building945 3rd Ave E  Suite 30Owen Sound  ONN4K 2K8,www.lifelabs.com
LifeLabs - St Thomas,,contactus@lifelabs.com,Elgin Mall417 Wellington St  Suite 55St Thomas  ONN5R 5J5,www.lifelabs.com
LifeLabs - Stratford,,contactus@lifelabs.com,Jenny Trout Centre342 Erie St  Suite 106Stratford  ONN5A 2N4,www.lifelabs.com
LifeLabs - Tillsonburg,,,86 Brock St ETillsonburg  ONN4G 1Z9,www.lifelabs.com/
LifeLabs - Woodstock - Dundas St,,,Woodstock Medical Family Health Team959 Dundas St  Unit 206Woodstock  ONN4S 1H2,www.lifelabs.com/
LifeLabs - Woodstock - Ingersoll Ave,519-537-2131,,510 Ingersoll Ave  Suite 205Woodstock  ONN4S 4X9,www.lifelabs.com
Laboratory,519-291-3125 ext 6232,,255 Elizabeth St EListowel  ONN4W 2P5,www.lwha.ca/care/laboratory/
Pathology and Laboratory Medicine,Laboratory Client Support: 519-685-8500 ext 56495Pathology Client Support: 519-685-8500 ext 32956,lab@lhsc.on.ca,339 Windermere RdLondon  ONN6A 5A5,www.lhsc.on.ca/lab/
Pathology and Laboratory Medicine,Laboratory Client Support: 519-685-8500 ext 56495,lab@lhsc.on.ca,800 Commissioners Rd ELondon  ONN6A 5W9,www.lhsc.on.ca/lab/
Laboratory Services,519-527-1650 ext 4232,,24 Centennial Dr  PO Box 99Seaforth  ONN0K 1W0,www.hpha.ca/lab
Laboratory,519-363-2340 ext 3114,info@sbghc.on.ca,39 2nd St SEChesley  ONN0G 1L0,www.sbghc.on.ca/programs-services/community-lab-co...
Laboratory,519-369-2340 ext 5213,info@sbghc.on.ca,320 College St N  PO Box 638Durham  ONN0G 1R0,www.sbghc.on.ca/programs-services/community-lab-co...
Laboratory,519-881-1220 ext 2416,info@sbghc.on.ca,PO Box 1300Walkerton  ONN0G 2V0,www.sbghc.on.ca/programs-services/community-lab-co...
Laboratory Services,519-235-3343,shha.administration@shha.on.ca,24 Huron St WExeter  ONN0M 1S2,www.shha.on.ca/lab/
Laboratory,519-284-1332 ext 3322,administration@hpha.ca,267 Queen St W  Box 940St Marys  ONN4X 1B6,www.hpha.ca/default.aspx?cid=109
Laboratory Services,Main: 519-272-8211Microbiology: 519-272-8210 ext 2875Pathology: 519-272-8210 ext 2875 Core Laboratory: 519-272-8210 ext 2875Laboratory Outpatient Blood Collection/ECGs: 519-272-8210 ext 2871/2885,,West Building  Level 146 General Hospital DrStratford  ONN5A 2Y6,www.hpha.ca/lab
Out Patient Clinic Laboratory,519-357-3910 ext 5821,,Royal Oaks Health and Wellness Centre271 Frances StWingham  ONN0G 2W0,www.lwha.ca/care/outpatient-clinics/
College of Medical Laboratory Technologists of Ontario (The),416-861-9605,mail@cmlto.com,25 Adelaide St E  Suite 2100Toronto  ONM5C 3A1,www.cmlto.com
LifeLabs - Norwich,519-863-6741,,c/o PO Box 550Dr Russell M Hall Family Health Centre32 South Court St ENorwich  ONN0J 1P0,www.lifelabs.com/
Georgian Radiology Consultants - Collingwood,Office 705-444-9280,,The Shipyards28 Huron St  Suite 400Collingwood  ONL9Y 1C4,www.georgianradiology.com
LifeLabs - Delhi,,,105 Main StDelhi  ONN4B 2L8,locations.lifelabs.com/details/ON/Delhi/406/
LifeLabs - Port Dover,,,87 Thompson Dr  Unit 104Port Dover  ONN0A 1N4,locations.lifelabs.com/details/ON/Port%20Dover/488
LifeLabs - Simcoe,,,65 Donly Dr NSimcoe  ONN3Y 0C2,locations.lifelabs.com/details/ON/Simcoe/347/
Active Care Physiotherapy Ingersoll,519-485-4444,ingersoll@acphysio.ca,Alexandra Hospital29 Noxon StIngersoll  ONN5C 3V6,www.activecarephysiotherapy.com
Physiotherapy Department,519-524-8323 ext 5643,amgh.administration@amgh.ca,120 Napier StGoderich  ONN7A 1W5,www.amgh.ca/physiotherapy
Bluewater Physiotherapy Clinic,519-369 2334519-369-3112,info@bluewaterphysio.com,145 Saddler St EDurham  ONN0G 1R0,www.bluewaterphysio.com
Publicly-Funded Physiotherapy,519-457-2171,londoneast@cbi.ca,1657 Dundas St ELondon  ONN5W 3C6,www.cbi.ca
OHIP-Funded Physiotherapy Clinic,519-631-9866 ext 1505,elgin.clinic@closingthegap.ca,10 Mondamin StSt Thomas  ONN5P 2V1,www.closingthegap.ca/locations/elgin-st-thomas/
OHIP-Funded Physiotherapy Clinic,,greybruce@closingthegap.ca,733 9th Ave E  Unit 4Owen Sound  ONN4K 3E6,www.closingthegap.ca/locations/grey-bruce-owen-sou...
Publicly-Funded Physiotherapy,519-433-9111,receptionnorth@fpclondon.com,770 South Wenige Dr  Unit 2London  ONN5X 0H7,www.fpclondon.com
Publicly-Funded Physiotherapy,519-439-6111,receptioncentral@fpclondon.com,310 Wellington Rd  Unit ELondon  ONN6C 4P4,www.fpclondon.com
Physiotherapy Department,519-693-7111 ext 2441,,RR 3Newbury  ONN0L 1Z0,www.mhalliance.on.ca/service/rehabilitation
Publicly-Funded Physiotherapy,519-858-2931,downtownlondon@lifemark.ca,YMCA382 Waterloo StLondon  ONN6B 2N8,www.lifemark.ca/Downtown-London
London Physical Therapy Clinic,519-433-6713,info@londonphysicaltherapyclinic.com,1408 Ernest AveLondon  ONN6E 3B2,www.londonphysicaltherapyclinic.com
Meridian Active Joint Physiotherapy Centre - Strathroy,519-245-5868,,74 Front StStrathroy  ONN7G 1Y7,www.meridianhealthgroup.ca/sjpc
Publicly-Funded Physiotherapy,519-451-4511,,Carling Heights Medical Centre124 Barker StLondon  ONN5Y 1Y1,www.meridianhealthgroup.ca/sjpc
Publicly-Funded Physiotherapy,519-472-0454,,1261 Beaverbrook AveLondon  ONN6H 0G6,www.meridianhealthgroup.ca/sjpc
Meridian Spine and Joint Physiotherapy - Mount Brydges,519-264-2800,,Southwest Middlesex Health Centre22262 Mill Rd  RR 5Mount Brydges  ONN0L 1W0,www.meridianhealthgroup.ca/sjpc
OHIP-Insured Physiotherapy Clinic,519-539-1111,oxchc@oxchc.ca,35 Metcalf StWoodstock  ONN4S 3E6,www.oxchc.ca
OHIP-Funded Physiotherapy Clinic,519-372-1920,physio3appointment@gmail.com,318383 Grey Rd 1Owen Sound  ONN4K 5N4,www.physio3.com
OHIP-Funded Physiotherapy Clinic,519-389-3393,pephysio@bmts.com,553 Bricker StPort Elgin  ONN0H 2C4,www.physio3.com
OHIP-Insured Physiotherapy Clinic Services,519-235-4892,russettrehab@gmail.com,26 Thames Rd EExeter  ONN0M 1S3,
Physiotherapy,519-274-8292,,24 Centennial Dr  PO Box 99Seaforth  ONN0K 1W0,www.hpha.ca/physiotherapy
Outpatient Physiotherapy - Community Clinic Program,519-396-3331 ext 4491,info@sbghc.on.ca,1199 Queen StKincardine  ONN2Z 1G6,www.sbghc.on.ca/programs-services/outpatient-physi...
Publicly Funded Physiotherapy Clinic,519-370-2405,info@sbghc.on.ca,PO Box 1300Walkerton  ONN0G 2V0,www.sbghc.on.ca
Physiotherapy,519-274-8292,administration@hpha.ca,Meighen Wing  Main Level267 Queen St W  Box 940St Marys  ONN4X 1B6,www.hpha.ca/default.aspx?cid=2133
Stratford Physiotherapy Centre,519-271-6307 ext 2,,444 Douro St  Suite 104Stratford  ONN5A 0E6,www.pthealth.ca/clinic/stratford-physiotherapy-cen...
Physiotherapy Department,519-246-5901,admin@mha.tvh.ca,395 Carrie StStrathroy  ONN7G 3J4,www.mhalliance.on.ca/service/rehabilitation
Tillsonburg Physiotherapy Clinic,519-842-5162,tillphys@gmail.com,171 North St ETillsonburg  ONN4G 1B8,
Physiotherapy,519-327-3210 ext 5234 or 5227,,270 Carling TerraceWingham  ONN0G 2W0,lwha.ca/care/inpatient-medical/
Physiotherapy,519-421-4206,info@wgh.on.ca,310 Juliana DrWoodstock  ONN4V 0A4,www.wgh.on.ca/display/OS/Physiotherapy
Your Health Medical and Rehab of London,519-473-2929 ext 1,yourhealthmedicalandrehab@gmail.com,267 Fanshawe Park Rd WLondon  ONN6G 5A9,your-health-medical-and-rehab-of-london.business.s...
Closing the Gap Healthcare - Mississauga - Matheson Blvd E,905-306-0202,gtahomecare@closingthegap.ca,Corporate Office2810 Matheson Blvd E  Suite 100Mississauga  ONL4W 4X7,www.closingthegap.ca/locations/mississauga-corpora...
Activaid Physiotherapy,519-438-7100,info@activaid.ca,129 Albert StLondon  ONN6A 1L9,www.activaid.ca
Active Care Physiotherapy Ingersoll,519-485-4444,ingersoll@acphysio.ca,Alexandra Hospital29 Noxon StIngersoll  ONN5C 3V6,www.activecarephysiotherapy.com
Active Care Physiotherapy London,519-601-6099Cell: 519-619-4471,london@acphysio.ca,1240 Commissioners Rd W (Byron Village Centre)London  ONN6K 1C7,activecarephysiotherapy.com
Active Physiotherapy Solutions,519-421-2586 or 519-539-2596,woodstock@activephysiosolutions.com,729 Devonshire Ave  Unit 1Woodstock  ONN4S 5R3,www.activephysiosolutions.com
Aquafit Physiotherapy Clinic,519-474-0240,aquafit@odyssey.on.ca,269 Springbank DrLondon  ONN6J 1G3,www.aquafit.on.ca
Back 'n Motion - London,519-668-8855,info@backnmotion.com,3010 Colonel Talbot Rd  Suite 4London  ONN6P 0B3,www.backnmotion.com
Back in Motion Physiotherapy and Rehabilitation Clinic,519-688-9926,info@backinmotionphysiotherapy.ca,19 Baldwin StTillsonburg  ONN4G 2K3,
Bayshore Physical Therapy,519-371-0904,info@bayshorephysicaltherapy.ca,Owen Sound Medical Centre1415 1st Ave W  Suite 3011Owen Sound  ONN4K 4K8,www.bayshorephysicaltherapy.ca
Black Creek Physiotherapy,519-271-9112,blackcreekphysio@gmail.com,240 Graff AveStratford  ONN5A 6Y2,www.blackcreekphysio.ca
Bruce County Physiotherapy and Sports Injuries Clinic,519-832-3272,bcphysio662@gmail.com,662 Gustavus St  Box 2094Port Elgin  ONN0H 2C0,
CBI Health Centre - London Bradley,519-685-3251,,Bradley Medical Centre595 Bradley Ave  2nd FlLondon  ONN6E 3Z8,www.cbi.ca/web/physiotherapy-london-bradley?gclid=...
CBI Health Centre - London Byron,519-472-4172,londonbyron@cbi.ca,440 Boler Rd  Suite 202London  ONN6K 4L2,www.cbi.ca/web/physiotherapy-london-boler
CBI Health Centre - London East,519-457-2171,londoneast@cbi.ca,1657 Dundas St ELondon  ONN5W 3C6,www.cbi.ca/web/physiotherapy-london-dundas-east
CBI Health Centre - London Northeast (Adelaide St N),519-434-6215,londonnortheast@cbi.ca,1135 Adelaide St N  Suite 209London  ONN5Y 5K7,www.cbi.ca/web/physiotherapy-london-adelaide
CBI Physiotherapy and Rehabilitation Centre - London Fanshawe,226-213-7122,londonfanshawe@cbi.ca,North London Medical Centre1055 Fanshawe Park Rd W  Suite 303London  ONN6G 0W7,www.cbi.ca
CBI Physiotherapy and Rehabilitation Centre - London West,519-680-0031,londonwest@cbi.ca,1051 Wonderland Rd SLondon  ONN6K 3X4,www.cbi.ca/web/physiotherapy-london-wonderland-sou...
Closing the Gap Healthcare Group - Elgin,Clinic: 519-631-9866 ext 1505Administration: 519-631-9866 ext 2504,elgin@closingthegap.ca,10 Mondamin St  Unit 112St Thomas  ONN5P 2V1,www.closingthegap.ca/locations/elgin-st-thomas/
Closing the Gap Healthcare Group - Grey Bruce,519-370-2165,greybruce@closingthegap.ca,733 9th Ave E  Unit 4Owen Sound  ONN4K 3E6,www.closingthegap.ca/locations/grey-bruce-owen-sou...
Core Physiotherapy,519-672-2673,corephysio@gmail.com,1001 Adelaide St N  Suite 101London  ONN5Y 2M6,www.corephysio.ca
Dorchester Physiotherapy,519-268-6555,dphysio@rogers.com,4327 Hamilton Rd  Unit 1Dorchester  ONN0L 1G3,www.dorchesterphysiotherapy.com
Elevate Physiotherapy,519-719-1782,info@elevatephysio.com,172 Wortley RdLondon  ONN6C 3P7,www.elevatephysio.com
Family Physiotherapy Centre of London - North London,519-433-9111,receptionnorth@fpclondon.com,770 South Wenige Dr  Unit 2London  ONN5X 0H7,www.fpclondon.com
Family Physiotherapy Centre of London - South London,519-439-6111,receptioncentral@fpclondon.com,310 Wellington Rd  Unit ELondon  ONN6C 4P4,www.fpclondon.com
Fowler Kennedy Sport Medicine Clinic,519-661-3011,,Western University  3M Centre1151 Richmond StLondon  ONN6A 3K7,www.fowlerkennedy.com
Downtown London,519-850-5335,,Citi Plaza - Inside Goodlife355 Wellington St  PO Box 9075London  ONN6A 5N9,www.fowlerkennedy.com
Fanshawe College,519-452-4230,,Fanshawe College  Community Fitness Centre1001 Fanshawe College Blvd  Room J1004London  ONN5Y 5R6,www.fowlerkennedy.com/services/for-fanshawe-studen...
Georgian Bay Physiotherapy,519-538-4500,georgianbayphysiotherapy@gmail.com,Don Bumstead and Family Medical Centre730 Sykes St N  Unit 2Meaford  ONN4L 1L9,www.georgianbayphysio.com
Glassier Physiotherapy Clinic,519-357-1383,bglassier@glassierphysio.com,PO Box 338Wingham  ONN0G 2W0,www.glassierphysio.com
Hand Therapy Canada - London Office,,info@handtherapy.ca,Corporate Headquarters1832 Stackhouse CresLondon  ONN5X 4M6,www.handtherapy.ca
Health Network (The) - London,519-433-7400,thnrmt@aol.com,43 Oxford St WLondon  ONN6H 1R5,
Huron Physiotherapy,519-524-4049,hpr@cabletv.on.ca,300 Suncoast Dr EGoderich  ONN7A 4N7,www.huronphysiotherapy.webs.com
Injuries Centre (The),519-661-0473,theinjuriescentre@sympatico.ca,641 Waterloo StLondon  ONN6B 2R6,www.theinjuriescentre.com
InMedic Pain Management Centre - London,519-601-7171,info@inmedicpain.com,685 Adelaide St NLondon  ONN5Y 2L4,www.inmedicpain.com
Irwin Physiotherapy,519-527-1551,irwinphysio@tcc.on.ca,100 Main St S  Box 698Seaforth  ONN0K 1W0,www.irwinphysiotherapy.com
Lifemark - Wortley Village - London,519-432-0835,london.wortleyrd@lifemark.ca,190 Wortley Rd  Suite 207London  ONN6C 4Y7,www.lifemark.ca/search/N6C%204Y7
Lifemark Physiotherapy - London - Oxford St E,519-455-4030,bellwood@lifemark.ca,Bellwood Plaza900 Oxford St ELondon  ONN5Y 5A1,www.lifemark.ca/Bellwood
Lifemark Physiotherapy - London Central - Central Branch YMCA,519-858-2931,downtownlondon@lifemark.ca,YMCA382 Waterloo StLondon  ONN6B 2N8,www.lifemark.ca/Downtown-London
Lifemark Physiotherapy - London South - Fitness Forum (Jalna Blvd),519-681-1228,whiteoaks@lifemark.ca,Fitness Forum900 Jalna BlvdLondon  ONN6E 3A4,www.lifemark.ca/White-Oaks
Lifemark Physiotherapy - London West - Byron Village,519-641-6625,byronvillage@lifemark.ca,1255 Commissioners Rd WLondon  ONN6K 3N5,www.lifemark.ca/Byron-Village
LifeMark Physiotherapy - St Thomas,519-633-4300,st.thomas@lifemark.ca,25 Elm St  Unit 106St Thomas  ONN5R 1H5,www.lifemark.ca/Elm-And-Wilson
Lifemark Physiotherapy - Westmount,519-657-4035,westmount@lifemark.ca,Westmount Mall Shopping Centre785 Wonderland Rd SLondon  ONN6K 1M6,www.lifemark.ca/Westmount
London Rehab,519-913-0906,info@londonrehab.ca,301 Oxford St W  Box 24028London  ONN6H 5C4,www.londonrehab.ca
Mama's Physio (The),226-377-3933,info@themamasphysio.com,784 Richmond StLondon  ONN6A 3H5,www.themamasphysio.com
Meridian Active Joint Physiotherapy Centre - Strathroy,519-245-5868,,74 Front StStrathroy  ONN7G 1Y7,www.meridianhealthgroup.ca/sjpc
Meridian Spine and Joint Physiotherapy - London - Barker St,519-451-4511,,Carling Heights Medical Centre124 Barker StLondon  ONN5Y 1Y1,www.meridianhealthgroup.ca/sjpc
Meridian Spine and Joint Physiotherapy - London - Beaverbrook Ave,519-472-0454,,1261 Beaverbrook Ave  Unit 3  2nd FlrLondon  ONN6H 0G6,www.meridianhealthgroup.ca/sjpc
Meridian Spine and Joint Physiotherapy - Mount Brydges,519-264-2800,,Southwest Middlesex Health Centre22262 Mill Rd  RR 5Mount Brydges  ONN0L 1W0,www.meridianhealthgroup.ca/sjpc
New Horizons Rehabilitation Services,519-291-5402,info@newhorizonsrehab.com,1100 Wallace Ave NListowel  ONN4W 1M5,www.newhorizonsrehab.com
Old North Physiotherapy - PT Health Care Solutions,226-271-3266,,140 Oxford St E  Suite 105London  ONN6A 5R9,www.pthealth.ca/clinic/old-north-physiotherapy-pt-...
Owen Sound Physiotherapy Clinic,519-376-6033,,992 2nd Ave WOwen Sound  ONN4K 4M7,owensoundphysiotherapyclinic.ca/
Oxford Physiotherapy Clinic,519-539-4445,oxfordphysio@bellnet.ca,c/o Mrs. Nutan DesaiNorwich Place Plaza319 Norwich AveWoodstock  ONN4S 3W1,www.oxfordphysio.ca
PainRelief Now - Chiropractic, Physiotherapy and Wellness,,info@painreliefnow.ca,Wharncliffe Health Centre279 Wharncliffe Rd N  Suite 225London  ONN6H 2C2,www.painreliefnow.ca
Partners Physiotherapy Service,519-881-8373,info@partnersphysio.ca,Total Body Wellness110 Durham St E  PO Box 1026Walkerton  ONN0G 2V0,www.partnersphysio.ca
Peninsula Physiotherapy and Sports Rehabilitation,519-534-9999,peninsulaptsports@gmail.com,Allied Professional Building369 Mary St  Suite 102Wiarton  ONN0H 2T0,www.peninsulaphysiotherapy.ca
Physio Care Owen Sound,519-373-4464,physiocareowensound@gmail.com,810 10th St W  Unit 5Owen Sound  ONN4K 3S1,physiocareowensound.ca
Physiohaus Health and Wellness,519-204-4445,admin@physiohaus.ca,581 Oxford St ELondon  ONN5Y 3H9,www.physiohaus.ca
Physiotherapy Alliance,519-272-1023,stratford@physiotherapyalliance.com,457 Huron St  Unit 4Stratford  ONN5A 5T8,www.physiotherapyalliance.com
Physiotherapy Alliance - Goderich,519-612-2345,goderich@physiotherapyalliance.com,181 Cambria Rd NGoderich  ONN7A 2R2,www.physiotherapyalliance.com
Physiotherapy Alliance - Milverton,519-595-2072,,50 William St  Unit 38Milverton  ONN0K 1M0,www.physiotherapyalliance.com
Physiotherapy Alliance - Mitchell,519-348-0096,stratford@physiotherapyalliance.com,7 Frances StMitchell  ONN0K 1N0,www.physiotherapyalliance.com
Physiotherapy III - Owen Sound,519-372-1920,physio3@bmts.com,318383 Grey Rd 1Owen Sound  ONN4K 5N4,www.physio3.com
Physiotherapy III - Port Elgin,519-389-3393,pephysio3@bmts.com,553 Bricker StPort Elgin  ONN0H 2C4,www.physio3.com
Physiotherapy on Front,519-271-2823,physiotherapyonfront@gmail.com,315 Front StStratford  ONN5A 4J4,physiotherapyonfront.business.site
Proactive Physio Plus,519-371-7125,proactivephysioplus@gmail.com,1796 16th St E  Unit 2Owen Sound  ONN4K 5N3,www.proactivephysioplus.ca
Proactive Rehabilitation Health and Fitness Service,519-369-2334 519-369-3112,blueh2o2334@eastlink.ca,145 Saddler St E Box 1180Durham  ONN0G 1R0,www.bluewaterphysio.com
Pursuit Health Management,519-672-1048,info@pursuithealth.ca,121 Oxford St E  Suite 1London  ONN6A 1T4,www.pursuithealth.ca
Rehab First,519-646-2949,info@rehabfirst.ca,1599 Adelaide St N  Suite 201London  ONN5X 4E8,www.rehabfirst.ca
Rejuvenate Health Services - Southwest London,519-652-0740,info@rejuvenate-hs.ca,PO Box 208London  ONN6P 1P9,www.rejuvenate-hs.ca
Russett Rehabilitation and Wellness Clinic,519-235-4892,russettrehab@gmail.com,26 Thames Rd EExeter  ONN0M 1S3,
Saugeen Physiotherapy and Allied Health Centre,519-506-3500,info@saugeenphysiotherapy.com,570 1st StHanover  ONN4N 3X5,www.saugeenphysiotherapy.com
Sheer Health Physiotherapy,519-852-9844,sheerphysiotherapy@gmail.com,1476 Aldersbrook RdLondon  ONN6G 0P5,www.sheerhealthphysio.ca
Skye Health,519-857-7593,info@skyehealth.ca,627 Maitland St  Unit 1London  ONN5Y 2V7,www.skyehealth.ca/
Springbank Physiotherapy - PT Health Care Solutions,226-781-9871,consults@pthealth.ca,460 Springbank Dr  Suite 201London  ONN6J 0A8,www.pthealth.ca/clinic/springbank-physiotherapy
St Marys Physiotherapy and Rehabilitation Clinic,519-284-0904,info@stmarysphysio.com,Tradition Mutual Centre for Wellness268 Maiden Lane  Suite 209  Box 219St Marys  ONN4X 1B1,www.stmarysphysio.com
Stonetown Physiotherapy and Sports Injuries Clinic,519-284-2569,stmarys.ontario@lifemark.ca,198 Queen St E PO Box 211St Marys  ONN4X 1B1,
Stratford Physiotherapy Centre,519-271-6307 ext 2,,444 Douro St  Suite 104Stratford  ONN5A 0E6,www.pthealth.ca/clinic/stratford-physiotherapy-cen...
Sunrise Health Services,519-272-0122 * 519-271-0763,info@sunrisehealthservices.ca,c/o Marilyn HolmesSunrise Health Services413 Hibernia StStratford  ONN5A 5W2,www.sunrisehealthservices.ca
Synergy Centre Spine and Joint Associates,226-667-5454,spineandjoint@sclondon.ca,1635 Hyde Park Rd  Suite 104London  ONN6H 5L7,spineandjointlondon.ca
Talbot Trail Physiotherapy - Aylmer,519-773-7400,aylmer@talbottrailpt.ca,418 Talbot St W  Unit 2Aylmer  ONN5H 1K9,www.talbottrailphysiotherapy.ca
Talbot Trail Physiotherapy - St Thomas - Elm St,519-637-7171,pmc@talbottrailpt.ca,St Thomas-Elgin General Hospital189 Elm StSt Thomas  ONN5R 5C4,www.talbottrailphysiotherapy.ca
Talbot Trail Physiotherapy - St Thomas - Wellington St,519-637-1831,st.thomas@talbottrailpt.ca,460 Wellington St  Suite 104St Thomas  ONN5R 6H9,www.talbottrailphysiotherapy.ca
Talbot Trail Physiotherapy - St Thomas - YMCA,519-637-1887,YMCA@talbottrailpt.ca,20 High St  2nd FlrSt Thomas  ONN5R 5V2,www.talbottrailphysiotherapy.ca
Talbot Trail Physiotherapy - West Lorne,519-768-3998,westlorne@talbottrailpt.ca,146 Munroe StWest Lorne  ONN0L 2P0,www.talbottrailphysiotherapy.ca
Tavistock Physiotherapy Centre,519-655-2223,,18 Hope St WTavistock  ONN0B 2R0,www.pthealth.ca/clinic/tavistock-physiotherapy-cen...
Thames Medical Centre,519-425-4275,ingphysio@execulink.com,99 Thames St N  Unit D RearIngersoll  ONN5C 3C6,www.thamesmedicalcentre.com
VHA Rehab Solutions - London Office,519-645-2410,wlomas@vha.ca,400 York St  Suite 203London  ONN6B 3N2,www.vha.ca/london/
Woodstock Rehabilitation Clinic,519-421-4224Sports Clinic: 519-421-4250,wrclinic@wgh.on.ca,333 Athlone Ave  Unit 110Woodstock  ONN4V 0B8,www.wgh.on.ca/display/PS/Woodstock+Rehabilitation+...
Closing the Gap Healthcare - Mississauga - Matheson Blvd E,905-306-0202,gtahomecare@closingthegap.ca,Corporate Office2810 Matheson Blvd E  Suite 100Mississauga  ONL4W 4X7,www.closingthegap.ca/locations/mississauga-corpora...
KIDSPEECH,416-447-7325,info@kidspeech.ca,19 Larabee Cres  Unit 1Toronto  ONM3A 3E6,www.kidspeech.ca
Activaid Physiotherapy,519-438-7100,info@activaid.ca,129 Albert StLondon  ONN6A 1L9,www.activaid.ca
Active Physiotherapy Solutions,519-421-2586 or 519-539-2596,woodstock@activephysiosolutions.com,729 Devonshire Ave  Unit 1Woodstock  ONN4S 5R3,www.activephysiosolutions.com
Back in Motion Physiotherapy and Rehabilitation Clinic,519-688-9926,info@backinmotionphysiotherapy.ca,19 Baldwin StTillsonburg  ONN4G 2K3,
Bruce County Physiotherapy and Sports Injuries Clinic,519-832-3272,bcphysio662@gmail.com,662 Gustavus St  Box 2094Port Elgin  ONN0H 2C0,
Dr Patricia Van Boekel Sport Medicine Clinic - Stratford,519-271-3030,,Stratford Rotary Complex353 McCarthy Rd  136Stratford  ONN5A 7S7,www.drvbsportmed.com
Publicly-Funded Physiotherapy,519-433-9111,receptionnorth@fpclondon.com,770 South Wenige Dr  Unit 2London  ONN5X 0H7,www.fpclondon.com
Family Physiotherapy Centre of London - South London,519-439-6111,receptioncentral@fpclondon.com,310 Wellington Rd  Unit ELondon  ONN6C 4P4,www.fpclondon.com
Publicly-Funded Physiotherapy,519-439-6111,receptioncentral@fpclondon.com,310 Wellington Rd  Unit ELondon  ONN6C 4P4,www.fpclondon.com
Fowler Kennedy Sport Medicine Clinic,519-661-3011,,Western University  3M Centre1151 Richmond StLondon  ONN6A 3K7,www.fowlerkennedy.com
Downtown London,519-850-5335,,Citi Plaza - Inside Goodlife355 Wellington St  PO Box 9075London  ONN6A 5N9,www.fowlerkennedy.com
Fanshawe College,519-452-4230,,Fanshawe College  Community Fitness Centre1001 Fanshawe College Blvd  Room J1004London  ONN5Y 5R6,www.fowlerkennedy.com/services/for-fanshawe-studen...
Huron Physiotherapy,519-524-4049,hpr@cabletv.on.ca,300 Suncoast Dr EGoderich  ONN7A 4N7,www.huronphysiotherapy.webs.com
LifeMark Physiotherapy - St Thomas,519-633-4300,st.thomas@lifemark.ca,25 Elm St  Unit 106St Thomas  ONN5R 1H5,www.lifemark.ca/Elm-And-Wilson
Peninsula Physiotherapy and Sports Rehabilitation,519-534-9999,peninsulaptsports@gmail.com,Allied Professional Building369 Mary St  Suite 102Wiarton  ONN0H 2T0,www.peninsulaphysiotherapy.ca
Stonetown Physiotherapy and Sports Injuries Clinic,519-284-2569,stmarys.ontario@lifemark.ca,198 Queen St E PO Box 211St Marys  ONN4X 1B1,
Talbot Trail Physiotherapy - St Thomas - Elm St,519-637-7171,pmc@talbottrailpt.ca,St Thomas-Elgin General Hospital189 Elm StSt Thomas  ONN5R 5C4,www.talbottrailphysiotherapy.ca
Woodstock Rehabilitation Clinic,519-421-4224Sports Clinic: 519-421-4250,wrclinic@wgh.on.ca,333 Athlone Ave  Unit 110Woodstock  ONN4V 0B8,www.wgh.on.ca/display/PS/Woodstock+Rehabilitation+...
Gynaecology Clinic,519-485-1700 ext 8249,info@ahi.ca,29 Noxon StIngersoll  ONN5C 1B8,www.alexandrahospital.on.ca
Gynecology Clinic,519-524-8689 ext 5208,amgh.administration@amgh.ca,120 Napier StGoderich  ONN7A 1W5,www.amgh.ca/outpatientclinics/
Obstetrics/Gynecology Clinic,519-482-3440 ext 6275,,98 Shipley StClinton  ONN0M 1L0,www.hpha.ca/default.aspx?cid=46
Gynaecology Clinic,Information: 519-376-2121 ext 2212 or 3921Bookings: 519-372-3921,web@gbhs.on.ca,1800 8th St E  Box 1800Owen Sound  ONN4K 6M9,www.gbhs.on.ca/ambulatory_care/
Women and Child Care Services,519-376-2121 ext 2300,web@gbhs.on.ca,1800 8th St E  Box 1800Owen Sound  ONN4K 6M9,www.gbhs.on.ca/women-labour-and-child-care
Women and Child Care Unit,519-376-2121 ext 2300,web@gbhs.on.ca,1800 8th St E  Box 1800Owen Sound  ONN4K 6M9,www.gbhs.on.ca/women-labour-and-child-care
Obstetrics/Gynecology Clinic,519-291-3125 ext 6257,,255 Elizabeth St EListowel  ONN4W 2P5,www.lwha.ca/care/outpatient-clinics/
Pregnancy Options Program,519-685-8204,,800 Commissioners Rd E  Zone B  5th FlLondon  ONN6A 5W9,www.lhsc.on.ca/women-s-health/pregnancy-options-pr...
MyHealth Centre - London - Fanshawe,519-439-5555,info@myhealthcentre.ca,North London Medical Centre1055 Fanshawe Park Rd W  Suite 301London  ONN6G 5B4,www.myhealthcentre.ca
Old South Maternity Care,519-438-5101,,190 Wortley Rd  Suite 208London  ONN6C 4Y7,www.oldsouthmaternity.ca
Ontario Breast Screening Program - South West,519-432-0255,breastscreen@cancercare.on.ca,c/o OBSP Regional Office800 Commissioners Rd ELondon  ONN6A 5W9,www.cancercareontario.ca/en/cancer-care-ontario/pr...
Gynecology Clinic,519-396-3331,info@sbghc.on.ca,1199 Queen StKincardine  ONN2Z 1G6,www.sbghc.on.ca/programs-services/ambulatory-care/...
Gynecology Clinic,519-881-1220Appointment Booking Line: 519-370-2404,info@sbghc.on.ca,PO Box 1300Walkerton  ONN0G 2V0,www.sbghc.on.ca/programs-services/ambulatory-care/...
Gynecology Clinic,519-235-2700,shha.administration@shha.on.ca,24 Huron St WExeter  ONN0M 1S2,www.shha.on.ca/clinics/
Gynecology Clinic,Switchboard: 519-245-1550Automated Attendant: 519-245-5295 ext 5440,admin@mha.tvh.ca,395 Carrie StStrathroy  ONN7G 3J4,www.mhalliance.on.ca/service/ambulatory-care/
Gynecology/Obstetrical Clinic,519-842-3611,mail@tdmh.on.ca,167 Rolph StTillsonburg  ONN4G 3Y9,www.tillsonburghospital.on.ca
Obstetrics/Gynecology Clinic,519-357-3210 ext 5258,,270 Carling TerraceWingham  ONN0G 2W0,lwha.ca/care/outpatient-clinics/
Gynecology,519-421-4233 ext 2174,info@wgh.on.ca,310 Juliana DrWoodstock  ONN4V 0A4,www.wgh.on.ca/display/OS/Outpatient+Clinic+Service...
