Store,phone,email,address,website
Canadian Blood Services - Blood Donor Clinics-Brampton,,,,www.blood.ca
Canadian Blood Services - Blood Donor Clinics-Caledon/Bolton,,,,www.blood.ca
Canadian Blood Services - Blood Donor Clinics-Dufferin County,,,,www.blood.ca
Canadian Blood Services - Blood Donor Clinics-Etobicoke,,,,www.blood.ca
Canadian Blood Services - Blood Donor Clinics-Woodbridge,,,,www.blood.ca
Canadian Blood Services,613-739-2300,feedback@blood.ca,1800 Alta Vista DrOttawa  ONK1G 4J5,www.blood.ca
Canadian Blood Services - Mississauga - Donor Centre,1-888-2-DONATE (1-888-236-6283),,765 Britannia Rd W  Unit 2Mississauga  ONL5V 2Y1,www.blood.ca
Oncology,519-941-2702,,100 Rolling Hills DrOrangeville  ONL9W 4X9,www.headwatershealth.ca/Areas-of-Care/Ambulatory-S...
Cancer Care,905-494-2120,,2100 Bovaird Dr EBrampton  ONL6R 3J7,www.williamoslerhs.ca/patients-and-families/progra...
Early Detection of Lung Cancer,905-494-6628,,2100 Bovaird Dr EBrampton  ONL6R 3J7,www.williamoslerhs.ca/patients-and-families/progra...
Inpatient Services,905-494-6418,,Brampton Civic Hospital  Entrance "A"  ROSE elevaors  Level 52100 Bovaird Dr EBrampton  ONL6R 3J7,www.williamoslerhs.ca/patients-and-families/progra...
Outpatient Services - Oncology Clinic Team,905-494-2120,,2100 Bovaird Dr EBrampton  ONL6R 3J7,www.williamoslerhs.ca/patients-and-families/progra...
Cancer Care - Early Detection of Lung Cancer,905-494-6628,,101 Humber College BlvdEtobicoke  ONM9V 1R8,www.williamoslerhs.ca/patients-and-families/progra...
Trillium Health Partners - Children's Services,905-848-7100905-813-4421416-521-4120,,100 Queensway WMississauga  ONL5B 1B8,www.trilliumhealthpartners.ca/patientservices/chil...
Trillium Health Partners - Credit Valley Hospital,905-813-2200 or 905-813-3971 (Patient Inquiry),Patient.Relations@thp.ca,2200 Eglinton Ave W  Room 1A100Mississauga  ONL5M 2N1,trilliumhealthpartners.ca
Inpatient Oncology,905-813-1100,Patient.Relations@thp.ca,2200 Eglinton Ave W  Room 1A100  OAMississauga  ONL5M 2N1,trilliumhealthpartners.ca/patientservices/cancerse...
Psychosocial Oncology and Supportive Care,905-813-1100 ext 4862,Patient.Relations@thp.ca,2200 Eglinton Ave W  Room 1A100Mississauga  ONL5M 2N1,trilliumhealthpartners.ca/patientservices/cancerse...
Inpatient Oncology,905-848-7580,Patient.RelationsMH@trilliumhealthpartners.ca,100 Queensway W  6J OncologyMississauga  ONL5B 1B8,trilliumhealthpartners.ca/patientservices/cancerse...
Complex Continuing Care,519-941-7202,,100 Rolling Hills DrOrangeville  ONL9W 4X9,www.headwatershealth.ca/Areas-of-Care/Complex-Cont...
Complex Continuing Care,905-494-2120 ext 56437,,2100 Bovaird Dr EBrampton  ONL6R 3J7,www.williamoslerhs.ca/patients-and-families/progra...
McCall Centre For Continuing Care,416-259-2573,mgd_mccall@extendicare.com,140 Sherway DrEtobicoke  ONM9C 1A4,www.mccallcentre.ca
Dental Care For Low-Income Seniors,416-916-0204,,c/o Ontario Seniors Dental Care ProgramStation PPO Box 159Toronto  ONM5S 2S7,www.ontario.ca/page/dental-care-low-income-seniors
Public Health - Wellington-Dufferin-Guelph - Orangeville Office,,info@wdgpublichealth.ca,180 Broadway AveOrangeville  ONL9W 1K3,www.wdgpublichealth.ca
Public Health - Wellington-Dufferin-Guelph - Shelburne Office,,info@wdgpublichealth.ca,Mel Lloyd Centre167 Centre St  2nd FlShelburne  ONL0N 1S4,www.wdgpublichealth.ca
Dental Services and Clinic Locations for Children and Youth,905-799-7700- Brampton and Mississauga905-584-2216-Caledon,peelhealth@peelregion.ca,10 Peel Centre Dr  Suite A and BBrampton  ONL6T 4B9,www.peelregion.ca/health/dental-health/peel-dclocs...
Region of Peel, Public Health - Healthy Smiles Ontario,905-799-7700                                                                                Caledon residents call free of charge 905-584-2216,,,www.peelregion.ca/dental
Health Care Services - Dental Services,416-338-1790,info@rexdalechc.com,8 Taber RdEtobicoke  ONM9W 3A4,www.rexdalechc.com
Health Services, Health Promotion, Pathways to Education - Services in Partnership,416-744-0066,info@rexdalechc.com,8 Taber RdEtobicoke  ONM9W 3A4,www.rexdalechc.com
Seva Food Bank - Malton,905-361-SEVA(7382) ext2,info@sevafoodbank.com,2832 Slough StMalton  ONL4T 1G3,www.sevafoodbank.com
Toronto (City of) - Child and Family Health - Dental Health- Dental Clinics,311 * 416-338-7600 Mobile Clinic * 416-338-2205,,Rexdale Community Health Centre Hub21 Panoroma CourtToronto  ONM9V 3S6,www.toronto.ca/community-people/health-wellness-ca...
Health n' Smiles Dental Clinic,905-799-8748,info@wellfort.ca,40 Finchgate Blvd  Suite 325Brampton  ONL6T 3J1,www.healthnsmiles.ca
Evangel Hall Mission,416-504-3563,information@evangelhall.ca,552 Adelaide St WToronto  ONM5V 3W8,www.evangelhall.ca
WAVE Clinic,416-415-4547,chsclientservices@georgebrown.ca,51 Dockside Dr  3rd FlToronto  ONM5A 0B6,www.georgebrown.ca/clinic
Healthy Smiles Ontario,,,33 King St W  PO Box 645Oshawa  ONL1H 8X1,www.ontario.ca/page/get-dental-care
Faculty of Dentistry, Dental Clinic,416-864-8000 ; Children's Clinic 416-864-8280,,Faculty of Dentistry124 Edward StToronto  ONM5G 1G6,patients.dentistry.utoronto.ca/patients
Bolton Medical Imaging,905-857-0779,reception@boltonimaging.ca,170 McEwan Dr E  Unit 104Bolton  ONL7E 4C8,www.boltonimaging.ca
Bramalea Diagnostic Services,905-792-9764,,9780 Bramalea Rd  Suite 308Brampton  ONL6S 2P1,
Brampton Cardio Pulmonary Services,905-455-3010,info@bramptoncardio.com,31 Centre St S  Suite 7Brampton  ONL6W 2X7,www.bramptoncardio.com
Brampton Endoscopy Centre,905-495-5200,yourhealth@bramptonendoscopy.com,10886 Hurontario St  Suite A-7Brampton  ONL7A 3R9,www.bramptonendoscopy.com
Brampton Nuclear Services,905-791-3458,info@bramptonnuclear.com,470 Chrysler Dr  Suite 28Brampton  ONL6S 0C1,www.bramptonnuclear.com
Brampton Vascular Institute,905-455-4414,bramptonv@gmail.com,178 John St  Suite 204Brampton  ONL6W 2A4,www.bramptonvascular.ca/
Cardiac Care Centre,416-740-2500,ccardiac@ymail.com,200 Ronson Dr  Suite 104Etobicoke  ONM9W 5Z9,
Cottrelle Diagnostic Imaging,905-794-0626,cottrellediagnostic@gmail.com,10 Cottrelle Blvd  Unit 202Brampton  ONL6S 0E2,
Dixie X-Ray Associates - Vaughan - Weston Rd,905-850-7478,,Columbus Medical Arts Building8333 Weston Rd  Suite B1Woodbridge  ONL4L 8E2,www.dixiexray.com
Dr A I Kravetz - Eye Physician and Surgeon,416-746-1617,,115 Humber College Blvd W  Suite 719Etobicoke  ONM9V 0A9,
Elite Diagnostics X-Ray and Ultrasound,905-454-3305,,157 Queen St E  BasementBrampton  ONL6W 3X4,
Etobicoke Brampton Sleep Clinic,416-742-0680,ebsleepclinic1@bellnet.ca,106 Humber College Blvd  Suite 202Etobicoke  ONM9V 4E4,www.ebsleepclinic.com
Etobicoke Women's Imaging,647-288-4547,,110 Queen's Plate Dr  Unit AEtobicoke  ONM9W 0B4,
Finchgate X-Ray Services,905-792-8440,,40 Finchgate Blvd  Suite 320Brampton  ONL6T 3J1,
Gam Diagnostic Imaging (Bramalea X-Ray and Ultrasound),905-793-5858,,18 Kensington Rd  Suite 206Brampton  ONL6T 4S5,gamdi.ca/
Gam Diagnostic Imaging (Tobram and North Park X-Ray and Ultrasound),905-789-5627,,2130 North Park Dr  Unit 225Brampton  ONL6S 0C9,gamdi.ca/2130-northpark-dr-brampton
Golden Gate X-Ray,905-796-9990,,100 Pertosa Dr  Suite 207Brampton  ONL6X 0H9,
Gore Diagnostic Imaging,905-913-0222,gorediagnostic.clinic@gmail.com,4525 Ebenezer Rd  Unit 2Brampton  ONL6P 2K8,
Cardiac Diagnostic Testing,519-941-2410,,100 Rolling Hills DrOrangeville  ONL9W 4X9,www.headwatershealth.ca/Areas-of-Care/Medicine
Diganostic Imaging,519-941-2702 ext 2211,,100 Rolling Hills DrOrangeville  ONL9W 4X9,www.headwatershealth.ca
Heart Lake X-Ray and Ultrasound,905-846-7733,,10425 Kennedy Rd N  Suite 104Brampton  ONL6Z 0A4,
Humber Valley X-Ray and Ultrasound,416-748-8434,,2630 Kipling Ave  Suite 1Etobicoke  ONM9V 4B9,www.humbervalleyimaging.com
iHealthCentre,905-850-3091 * 416-297-8362,admin@ihealthcentre.ca,6175 Hwy 7  Unit 19-20Woodbridge  ONL4H 0P6,www.ihealthcentre.ca
Kipling Heights Diagnostic Imaging,416-244-8862,,2291 Kipling Ave  Suite 121Etobicoke  ONM9W 4L6,www.humbervalleyimaging.com/locations
Malton Medical Radiology and Ultrasound,905-677-6473,,3530 Derry Rd E  Suite 109Mississauga  ONL4T 4E3,
Medscan Medical Imaging - Malton,905-673-1756,medscanmalton@gmail.com,6870 Goreway Dr  Suite 101Mississauga  ONL4V 1P1,
MedSleep - Brampton - Sleep Clinic,905-456-3699 ext 1,brampton@medsleep.com,Finchgate Medical Building40 Finchgate Blvd  Suite 216Brampton  ONL6T 3J1,www.medsleep.com
MIC Medical Imaging - Orangeville,519-942-3101,orangevilleimaging@gmail.com,314 Broadway AveOrangeville  ONL9W 1L3,
MyHealth Centre - Caledon - Cardiology, Nuclear Medicine and Ultrasound,,Caledon@MyHealthCentre.ca,12050 Airport Rd  Unit 2Caledon  ONL7C 2W1,myhealthcentre.ca
MyHealth Centre - Mississauga - PET/CT and Diagnostic Imaging,,Mississauga_PETCT@MyHealthCentre.ca,Malton Medical Centre6870 Goreway Dr  Suite 101Mississauga  ONL4V 1P1,myhealthcentre.ca/location/mississauga-pet-ct/
MyHealth Centre - Orangeville - Cardiology and Diagnostic Imaging,,Orangeville@MyHealthCentre.ca,229 Broadway  Unit 4Orangeville  ONL9W 1K4,myhealthcentre.ca/location/orangeville/
Ontario Diagnostic Centre (ODC) - Etobicoke - Albion Rd,416-741-5661,,1525 Albion Rd  Lower Level 4Etobicoke  ONM9V 5G5,www.ontdc.com/
Ontario Diagnostic Centre (ODC) - Etobicoke - Humber College Blvd,416-745-4550,,100 Humber College Blvd  Suite 106AEtobicoke  ONM9V 5G4,www.ontdc.com/
Ontario Diagnostic Centre (ODC) - Etobicoke - Rexdale Blvd,416-746-3828,rar@trilliumimaging.ca,123 Rexdale Blvd  Unit 6Etobicoke  ONM9W 1P1,www.ontdc.com/
Prism Eye Institute - Brampton,905-451-4560,info@prismeye.ca,7700 Hurontario St  Suite 605Brampton  ONL6Y 4M3,www.prismeyeinstitute.com/
Queen West X-Ray and Ultrasound Services,905-454-3173,bestcareimaging@yahoo.com,400 Queen St W  2nd FlBrampton  ONL6X 1B3,
Richmond Gardens X-Ray and Ultrasound,416-241-9137,,1735 Kipling Ave  Suite 202Etobicoke  ONM9R 2Y8,richmond-gardens-x-ray.business.site/
Sleep Care Solutions - Osler Sleep Clinic,416-231-5770,osc.admin@sleepcarecanada.com,135 Queens Plate Dr  Suite 140Etobicoke  ONM9W 6V1,www.sleepcarecanada.com
Sleep Disorders Centre - Brampton,905-790-8800,info@sleepdisordercentre.con,480 Chrysler Dr  Unit 34Brampton  ONL6S 0C1,sleepdisordercentre.com
Uptown Eye Specialists - Brampton,416-292-0330,,7900 Hurontario St  Suite 401Brampton  ONL6Y 0P6,www.uptowneye.ca
Vodden X-Ray and Ultrasound,905-455-5455,,36 Vodden St E  Suite 104Brampton  ONL6V 4H4,
Westmore Ultrasound and Cardiology Lab,416-745-8429,,40 Westmore Dr  Suite 104Etobicoke  ONM9V 4C2,
Outpatient Services - Cardiac Diagnostic Services,905-494-2120 ext 56480,,2100 Bovaird Dr EBrampton  ONL6R 3J7,www.williamoslerhs.ca/patients-and-families/progra...
Diagnostic Imaging,Ultrasound, OBSP, Gastrics, Nuclear Medicine: 905-494-6688,,2100 Bovaird Dr EBrampton  ONL6R 3J7,www.williamoslerhs.ca/about-osler/contact-us/conta...
Outpatient Services - Cardiac Diagnostic Services,416-401-8001,,101 Humber College BlvdEtobicoke  ONM9V 1R8,www.williamoslerhs.ca/patients-and-families/progra...
Diagnostic Imaging,416-494-2120,,101 Humber College BlvdEtobicoke  ONM9V 1R8,www.williamoslerhs.ca/patients-and-families/progra...
Etobicoke Outpatient Imaging Centre,Imaging Centre: 416-401-8013Nuclear Medicine: 416-494-6688,,Medical Office Building (Next door to Etobicoke General)89 Humber College Blvd  Suite 101Etobicoke  ONM9V 4B8,www.williamoslerhs.ca/patients-and-families/progra...
Diagnostic Imaging,905-494-2120,,20 Lynch StBrampton  ONL6W 2Z8,www.williamoslerhs.ca/about-osler/osler's-faciliti...
Bathurst Lawrence Nuclear Imaging,416-785-4029,,491 Lawrence Ave W  Suite 500Toronto  ONM5M 1C7,
Donvale Ultrasound Services,416-694-2198,,521 Victoria Park Ave  Suite B1Toronto  ONM4C 5H1,
Kingsway X-Ray and Ultrasound,416-231-6517,info@kingswaymedical.ca,2050 Weston Rd  Unit 108Toronto  ONM9N 1X4,
STL Diagnostic Imaging,,,150 Bridgeland Ave  Suite 207Toronto  ONM6A 1Z5,www.stlimaging.ca/index.cfm
StL Diagnostic Imaging - Burlington,905-637-6608,,Burlington Medical Professional Centre3155 Harvester Rd  Suite 310Burlington  ONL7N 3V2,www.stlimaging.ca
Vitacorp Diagnostic,416-762-3818,,1243 Islington Ave  Suite 603Etobicoke  ONM8X 1Y9,
Emergency Department,519-941-2410,,100 Rolling Hills DrOrangeville  ONL9W 4X9,www.headwatershealth.ca/Areas-of-Care
Mental Health,519-941-2410,,100 Rolling Hills DrOrangeville  ONL9W 4X9,www.headwatershealth.ca/Areas-of-Care/Mental-Healt...
Sexual Assault and Domestic Violence,519-941-2702,rwellsbury@headwatershealth.ca,100 Rolling Hills DrOrangeville  ONL9W 4X9,www.headwatershealth.ca/Areas-of-Care/Domestic-and...
William Osler Health System - Brampton Civic Hospital,905-494-2120,,2100 Bovaird Dr EBrampton  ONL6R 3J7,www.williamoslerhs.ca/about-osler/contact-us/conta...
Critical Care,905-494-2120,,2100 Bovaird Dr EBrampton  ONL6R 3J7,www.williamoslerhs.ca/patients-and-families/progra...
Emergency Department,Direct Line: 905-494-6789,,2100 Bovaird Dr EBrampton  ONL6R 3J7,www.williamoslerhs.ca/patients-and-families/progra...
Emergency/Crisis Services,905-494-2120,,2100 Bovaird Dr EBrampton  ONL6R 3J7,www.williamoslerhs.ca/patients-and-families/progra...
Critical Care,416-494-2120,,101 Humber College BlvdEtobicoke  ONM9V 1R8,www.williamoslerhs.ca/patients-and-families/progra...
Emergency Department,Direct Line: 416-747-3528,,101 Humber College BlvdEtobicoke  ONM9V 1R8,www.williamoslerhs.ca/health-care-professionals/pr...
Emergency/Crisis Services,416-747-3400,,101 Humber College BlvdEtobicoke  ONM9V 1R8,www.williamoslerhs.ca/patients-and-families/progra...
Emergency Department,416-469-6435,,825 Coxwell AveToronto  ONM4C 3E7,www.tegh.on.ca
Emergency Department,416-586-5054,,Joseph and Wolf Lebovic Health Complex600 University AveToronto  ONM5G 1X5,www.mountsinai.on.ca/schwartz-reisman-emergency
Emergency Department,416-480-4207 ext 0,questions@sunnybrook.ca,2075 Bayview AveToronto  ONM4N 3M5,www.sunnybrook.ca/content/?page=tecc-emergency
St Joseph's Health Centre - Emergency Department,416-530-6003,,30 The Queensway  Barnicke WingToronto  ONM6R 1B5,www.stjoestoronto.ca/areas-of-care/emergency-depar...
Central Brampton Family Health Team,For Physicians: 905-451-1937 * For other health programs: 905-456-7111,info@cbfht.ca,60 Gillingham Dr  Suite 200Brampton  ONL6Z 0Z9,cbfht.ca/
Dufferin Area Family Health Team,519-938-8802,,1 Elizabeth St  Suite L-1Orangeville  ONL9W 7N7,www.dafht.ca
5th Avenue Medical Clinic,Call physician's office,,14 5th AveOrangeville  ONL9W 1G2,www.dafht.ca
Bolton Clinic,519-938-8802 ext 337,,170 McEvan Dr E  Suite 211Bolton  ONL7E 2Y3,dafht.ca/clinics
Credit Creek,519-938-8802,,115 First StOrangeville  ONL9W 3J8,dafht.ca/clinics
Grand Valley Medical Clinic,519-928-5666,,21 Main St NGrand Valley  ONL9W 5S6,www.dafht.ca
Highlands Health Network,519-941-7575,,140 Rolling Hills DrOrangeville  ONL9W 4X9,www.dafht.ca
North Dufferin Wellness Centre,226-259-9000,,712 Main St EShelburne  ONL9V 2Z4,www.dafht.ca
Orangeville Family Medical Centre,519-938-8000,,1 Elizabeth St  Suite 100Orangeville  ONL9W 7N7,www.dafht.ca
Shelburne Centre for Health,519-925-0017,,Mel Lloyd Centre167 Centre St  Entrance CShelburne  ONL9V 3R8,www.dafht.ca
Humber River - Family Health Team,647-342-8266,,245 Dixon RdEtobicoke  ONM9P 2M4,www.hrfht.com
Mount Dennis Weston Site, 2050 Weston Rd,416-763-1171,,2050 Weston RdToronto  ONM9N 1X4,www.hrfht.com
North Peel Family Health Team,905-459-2181,,157 Queen St E  Suite 204Brampton  ONL6W 3X4,www.npfht.com/index.php
Bramalea Office,905-791-5822,,Bramalea Medical Centre18 Kensington Rd  Suite 301Brampton  ONL6T 4S5,www.npfht.com/contact.php
Queen/Lynch Office,905-457-7566,,157 Queen St E  Suite 210Brampton  ONL6W 3X4,www.npfht.com/contact.php
Queen Square Family Health Team - Brampton - Main St Site,905-453-1453,,366 Main St N  Suite 203Brampton  ONL6V 1P8,www.queensquarefht.ca/index.php
Queen Square Family Health Team - Brampton - Vodden St,905-453-1453,,36 Vodden St E  Suite 307Brampton  ONL6V 4H4,www.queensquarefht.ca/index.php
Wise Elephant Family Health Team - Brampton - Earlsbridge Blvd,905-840-4776,,10 Earlsbridge Blvd  Unit 6Brampton  ONL7A 3P1,wiseelephantfht.net
Wise Elephant Family Health Team - Brampton - Pertosa Dr,905-454-2080,,100 Pertosa Dr  Unit 208Brampton  ONL6X 0H9,wiseelephantfht.net
Woodbine Family Health Team,416-342-5140,,135 Queens Plate Dr  Suite 120Toronto  ONM9W 6V1,www.woodbinefht.ca/
Association of Family Health Teams of Ontario,647-234-8605,info@afhto.ca,400 University Ave  Suite 2100Toronto  ONM5G 1S5,www.afhto.ca
North York - 2397 Finch Ave W,416-742-4646,,2397 Finch Ave W  Suite 4North York  ONM9M 2X1,www.hrfht.com
Brameast Family Health Organization,905-792-2211,brameast@rogers.com,2130 North Park Dr  Unit 38Brampton  ONL6S 0C9,brameast.ca
Caledon Specialist Clinic,905-857-4327 * 905-584-2300 ext 920,caledonspecialistclinic@ccs4u.org,Royal Courtyards18 King St E  Unit L9Bolton  ONL7E 1E8,ccs4u.org/health/caledon-specialist-clinic
Castlemore Health Centre,905-794-7649,info@castlemorehealth.com,65 Braydon Blvd  Unit 2Brampton  ONL6P 2S4,www.castlemorehealth.com
Central Bolton Walk-In Clinic,905-951-1234,centralboltonwic@gmail.com,15 Allan Dr  Unit 9Bolton  ONL7E 2B5,www.centralboltonwalkinclinic.ca
Chinguacousy and Sandalwood Medical Centre,905-840-4343,chinguacousy-medical@hotmail.com,10671 Chinguacousy Rd  Unit 6Brampton  ONL7A 0N5,
Claireville Doctors,905-794-4088,clairevilledoctors@yahoo.ca,4515 Ebenezer Rd  Units 112-113Brampton  ONL6P 2K7,
Copper Ridge Medical Centre,905-456-9005,info@crmedicalcentre.ca,8015 Financial DrBrampton  ONL6Y 0B4,www.crmedicalcentre.ca/
Dufferin Area Family Health Team,519-938-8802,,1 Elizabeth St  Suite L-1Orangeville  ONL9W 7N7,www.dafht.ca
Family Medicine and Urgent Care Clinic,289-298-5474,appointments@familymedicine-ucc.com,Walmart Supercentre15 Resolution DrBrampton  ONL6W 0A6,
Fogal Medical Centre,905-915-8778,,8920 Hwy 50  Unit 7Brampton  ONL6P 3A3,
Heart Lake Health Center,905-846-9255,admin@heartlakemed.com,180 Sandalwood Pkwy EBrampton  ONL6Z 1Y4,heartlakemed.com/
iHealthCentre - Speciality Clinics,905-850-3091 * 416-297-8362,admin@ihealthcentre.ca,6175 Hwy 7  Unit 19-20Woodbridge  ONL4H 0P6,www.ihealthcentre.ca
Islington @ 401 Medical Center,416-746-0401,,2257 Islington Ave  Unit 103Etobicoke  ONM9W 3W7,
Malton Urgent Care Clinic,905-672-2273,malton@urgentcarecentre.ca,3530 Derry Rd EMississauga  ONL4T 4E3,www.urgentcarecentre.ca
Medical Care Centre,905-450-2981,steelesmedicalcentre@hotmail.com,1 Bartley Bull PkwyBrampton  ONL6W 3T7,
North Peel Family Health Team,905-459-2181,,157 Queen St E  Suite 204Brampton  ONL6W 3X4,www.npfht.com/index.php
Orangeville Family Medical Centre,519-938-8000,,1 Elizabeth St  Suite 100Orangeville  ONL9W 7N7,www.dafht.ca/clinics/view/orangeville_family_medic...
Queen's Urgent Care and Medical Centre,905-497-2273,info@queensurgentcare.ca,263 Queens St E  Unit 20Brampton  ONL6W 4K6,www.ontario.ca/locations/health/locationDetails.ph...
Health Care Services - Family Medicine,416-744-0066,info@rexdalechc.com,8 Taber RdEtobicoke  ONM9W 3A4,www.rexdalechc.com
Health Care Services - Family Medicine,416-744-0066 ext 130,info@rexdalechc.com,Rexdale Community Hub21 Panorama Crt  Unit 15Etobicoke  ONM9V 4E3,www.rexdalechc.com
Health Care Services - Family Medicine,416-744-0066 ext 120,info@rexdalechc.com,222 Dixon Rd  Room 15Etobicoke  ONM9P 3S5,www.rexdalechc.com
Wanless Medical Clinic,905-846-4952,wanlessmedical@gmail.com,10990 Chinguacousy Rd  Unit 1Brampton  ONL7A 0P1,
Primary Health Care,905-677-9599,mail.fourcorners@wellfort.ca,Westwood Square7205 Goreway DrMississauga  ONL4T 2T9,www.fourcornershealthcentre.ca
Wellmedica Medical Centre - Brampton,416-883-3877,,90 Resolution DrBrampton  ONL6W 0A6,wellmedica.ca/brampton/
Woodbine Family Health Team,416-342-5140,,135 Queens Plate Dr  Suite 120Toronto  ONM9W 6V1,www.woodbinefht.ca/
Covenant House Toronto,416-598-4898,general@covenanthouse.ca,20 Gerrard St EToronto  ONM5B 2P3,www.covenanthousetoronto.ca
Good Shepherd Ministries - Good Shepherd Centre,416-869-3619 * AApricot program 416-869-3619 ext 238 * Gambling Addiction Program 416-869-3619 ext 245 or 260 * Veterans Housing Navigation Team  416-896-3619 ext 276,info@goodshepherd.ca,412 Queen St EToronto  ONM5A 1T3,www.goodshepherd.ca
Advanced Foot Care - Chiropody Clinic,905-850-7837,,4855 Hwy 7Woodbridge  ONL4L 1S9,www.sorefeet.ca
Bolton Family Foot Care,905-857-3338,,63 King St WBolton  ONL7E 1A2,familyfootcare.net
Bolton Foot Care Clinic - Spectrum Healthcare,905-951-2585,,30 Martha StBolton  ONL7E 5V1,spectrumhealthcare.com
Brampton Foot Clinic - Foot Care and Chiropodist Services,905-796-6585,info@bramptonfootclinic.com,253 Main St NBrampton  ONL6X 1N3,www.bramptonfootclinic.com
College of Health Studies - Diabetic Foot Care Clinic,905-452-8139 * 905-965-1966,info@collegeofhealthstudies.com,18 Queen St EBrampton  ONL6V 1A2,www.collegeofhealthstudies.com
Adult Day Program,519-925-5452,dccss@dufferincounty.ca,Mel Lloyd Centre167 Centre St  Entrance EShelburne  ONL9V 3R8,www.dufferincounty.ca/services/community-support-s...
FCO - Foot Clinic and Orthotics,905-860-1600,info@footclinic.co,15955 Airport Rd  Unit 202Caledon  ONL7C 1H9,www.footclinic.co
Orangeville Family Footcare,519-942-9433,orangevillefamilyfootcare@rogers.com,244 Broadway  Upper LevelOrangeville  ONL9W 1K5,familyfootcare.net
Orangeville Foot Clinic,519-942-4705,contact@orangevillefootclinic.com,15 Elizabeth St  Unit 12 (2nd Fl)Orangeville  ONL9W 3X3,www.orangevillefootclinic.com
Precision Foot Care and Orthotic Centre,905-792-4335,info@precisionfootcare.ca,Springdale Professional Building2250 Bovaird Dr E  Suite 310Brampton  ONL6R 0W3,precisionfootcare.ca
Health Care Services - Chiropody (Foot Care),416-744-6312,info@rexdalechc.com,8 Taber RdEtobicoke  ONM9W 3A4,www.rexdalechc.com
Shelburne Foot Clinic,519-925-0418,bap2340@gmail.com,c/o Betty Anne Prince D.Ch.213 Main St E Back LaneShelburne  ONL9V 3K4,
Torbram Foot Care,905-456-8026,torbramfootcare@gmail.com,8500 Torbram Rd  Unit 51Brampton  ONL6T 5C6,www.TorbramFootCare.com
Chiropody Services,905-677-9599,mail.fourcorners@wellfort.ca,Westwood Square7205 Goreway DrMississauga  ONL4T 2T9,www.fourcornershealthcentre.ca/programs/chiropody-...
Active Arches Foot Clinic,416-626-3338 or 647-556-0029,neal.andrews@activearches.com,190 Sherway Dr  Suite 101Toronto  ONM9C 5N2,www.etobicokechiropodist.ca
Fontbonne Place - Mustard Seed,416-465-6069,infomustardseed@csj-to.ca,791 Queen St EToronto  ONM4M 1H6,www.fontbonneministries.ca
Michelle Foot Care - Etobicoke,647-717-8941,michelle4foot@gmail.com,7 Robinglade DrEtobicoke  ONM9B 2P9,www.michellefootcare.com
Mississauga Foot Clinic,905-848-2929,info@mississaugafootclinic.com,250 Dundas St W  Suite 305Mississauga  ONL5B 1J2,www.mississaugafootclinic.com
Seneca Medical Foot Care,647-391-0072,seneca.trinidad@yahoo.com,20 Overture RdToronto  ONM1E 2V9,
St James Cathedral Drop-in - Tuesday Drop-In,416-364-7865,info@stjamescathedral.ca,65 Church StToronto  ONM5C 2E9,www.stjamescathedral.ca
Chiropody Clinic (Progression),416-224-6948,,285 Cummer AveToronto  ONM2M 2G1,www.sunnybrook.ca/content/?page=sjr-patvis-prog-ch...
Toronto. Shelter, Support and Housing Administration. Homelessness Initiatives and Prevention Services - Women's Residence, Adelaide Resource Centre for Women,416-392-9243,,67 Adelaide St EToronto  ONM5C 1K6,www.toronto.ca/housing
Foot Care Centre,416-323-6020,footcarecentre@wchospital.ca,77 Grenville St  Rm 101Toronto  ONM5S 1B3,www.womenscollegehospital.ca/programs-and-services...
Dr Ebrahim and Associates,905-794-4277,doctoremd@hotmail.com,4550 Ebenezer Rd  Unit 5Brampton  ONL6P 2R2,www.doctoremd.com/
Etobicoke Urgent Care Clinic,416-741-2273,info@urgentcarecentre.ca,25 Woodbine Downs Blvd  Unit 10Etobicoke  ONM9W 6N5,www.urgentcarecentre.ca
Peel Public Health,Health Line Peel 905-799-7700,healthlinepeel@peelregion.ca,7120 Hurontario StreetMississauga  ONL5W 1N4,www.peelregion.ca/health/
Public Health - Wellington-Dufferin-Guelph - Orangeville Office,,info@wdgpublichealth.ca,180 Broadway AveOrangeville  ONL9W 1K3,www.wdgpublichealth.ca
Vaccination, Travel and Sexual Health Clinics,,info@wdgpublichealth.ca,180 Broadway AveOrangeville  ONL9W 1K3,www.wdgpublichealth.ca
Public Health - Wellington-Dufferin-Guelph - Shelburne Office,,info@wdgpublichealth.ca,Mel Lloyd Centre167 Centre St  2nd FlShelburne  ONL0N 1S4,www.wdgpublichealth.ca
Vaccination, Travel and Sexual Health Clinics,,info@wdgpublichealth.ca,Mel Lloyd Centre167 Centre St  2nd FlShelburne  ONL0N 1S4,www.wdgpublichealth.ca
Health Care Services - Family Medicine,416-744-0066,info@rexdalechc.com,8 Taber RdEtobicoke  ONM9W 3A4,www.rexdalechc.com
Health Care Services - Family Medicine,416-744-0066 ext 130,info@rexdalechc.com,Rexdale Community Hub21 Panorama Crt  Unit 15Etobicoke  ONM9V 4E3,www.rexdalechc.com
Health Care Services - Family Medicine,416-744-0066 ext 120,info@rexdalechc.com,222 Dixon Rd  Room 15Etobicoke  ONM9P 3S5,www.rexdalechc.com
Travel Immunization Clinics - Brampton / Caledon / Malton,Regional office (Toronto): 416-973-0003,,,www.phac-aspc.gc.ca/tmp-pmv/travel/clinic_e.html
Yellow Fever Vaccination Centres in Canada,613-957-8739,yfinfofj@phac-aspc.gc.ca,100 Colonnade Rd  AL 6201 BOttawa  ONK1A 0K9,www.canada.ca/en/public-health/services/travel-hea...
Immunization,905-799-7700-Brampton and Mississauga * 905-584-2216-Caledon,peelhealth@peelregion.ca,7120 Hurontario StMississauga  ONL5W 1N4,www.peelregion.ca/immunize
Immunization Information Centre,416-392-1250,publichealth@toronto.ca,235 Danforth Ave  2nd FlToronto  ONM4K 1N2,www.toronto.ca/immunization
York Region - Health - Immunizations,1-800-361-5653,,c/o York Region Community and Health Services194 Eagle St Box 147Newmarket  ONL3Y 1J6,www.york.ca/wps/portal/yorkhome/health/yr/immuniza...
Avalon Care Centre,519-941-5161,,355 Broadway AveOrangeville  ONL9W 3Y3,www.jarlette.com
Burton Manor,905-455-1601,burton@primacareliving.com,5 Sterritt DrBrampton  ONL6Y 5P3,www.primacareliving.com
Chartwell Pine Grove,905-850-3605,,8403 Islington Ave NWoodbridge  ONL4L 1X3,www.chartwell.com/en/retirement-residences/chartwe...
Davis Centre - Nursing Home,905-857-0975,,80 Allan DrBolton  ONL7E 1P7,www.peelregion.ca/ltc/davis/
Deerwood Creek Care Community,416-213-7300,,70 Humberline DrEtobicoke  ONM9W 7H3,www.siennaliving.ca/long-term-care/ontario/deerwoo...
Dufferin Oaks,519-925-2140,dufferinoaks@dufferincounty.ca,151 Centre StShelburne  ONL9V 3R7,www.dufferincounty.ca/services/dufferin-oaks-long-...
Extendicare Brampton,905-459-4904,,7891 McLaughlin Rd SBrampton  ONL6Y 5H8,www.extendicarecanada.com/brampton/index.aspx
Faith Manor - Nursing Home,905-459-3333,,c/o Holland Christian Homes7900 McLaughlin Rd SBrampton  ONL6Y 5A7,www.hch.ca
Grace Manor,905-459-3333,,c/o Director of Resident Care  Grace Manor7900 McLaughlin Rd SBrampton  ONL6Y 5A7,www.hch.ca
Hawthorn Woods Care Community,905-799-7502,,9257 Goreway DrBrampton  ONL6P 0N5,www.siennaliving.ca/Long-Term-Care/Locations/Hawth...
Humber Valley Terrace,416-746-7466,humbervalley@reveraliving.com,95 Humber College BlvdEtobicoke  ONM9V 5B5,www.reveraliving.com/humbervalley
King Nursing Home,905-857-4117,,49 Sterne StBolton  ONL7E 1B9,
Kipling Acres,416-392-2300,,2233 Kipling AveEtobicoke  ONM9W 4L3,www.toronto.ca/community-people/housing-shelter/lo...
Malton Village - Long-Term Care Centre,905-791-1179905-791-7800,,7075 Rexwood RdMississauga  ONL4T 4M1,www.peelregion.ca/ltc/malton/index.htm
Maple Grove Care Community,905-458-7604,,215 Sunny Meadow BlvdBrampton  ONL6R 3B5,www.siennaliving.ca/Long-Term-Care/Locations/Maple...
Peel Manor - Long-Term Care,905-453-4140 ext 3700,,525 Main St NBrampton  ONL6X 1N9,www.peelregion.ca/ltc/peel/index.htm
Shelburne Long Term Care,519-925-3746,jgoss@extendicare.com,200 Robert StShelburne  ONL9V 3S1,shelburneltc.ca
Tall Pines - Long-Term Care Centre,905-791-2449,,1001 Peter Robertson BlvdBrampton  ONL6R 2Y3,www.peelregion.ca/ltc/pines/index.htm
Tullamore Care Community,905-459-2324,,133 Kennedy Rd SBrampton  ONL6W 3G3,www.siennaliving.ca/Long-Term-Care/Locations/Tulla...
Village of Sandalwood Park,905-458-9272,,425 Great Lakes DrBrampton  ONL6R 2W8,www.schlegelvillages.com
Westside,416-745-4800,,1145 Albion RdEtobicoke  ONM9V 4J7,www.reveraliving.com/westside
Woodbridge Vista Care Community,905-856-7200,,5400 Steeles Ave WWoodbridge  ONL4L 9S1,www.siennaliving.ca/Long-Term-Care/Locations/Woodb...
Woodhall Park Care Community,905-495-4695,angela.matthews@siennaliving.ca,10260 Kennedy Rd NBrampton  ONL6Z 4N7,www.siennaliving.ca/long-term-care/ontario/woodhal...
Bendale Acres - Long-Term Care Home,416-397-7000,ltc-ba@toronto.ca,2920 Lawrence Ave EToronto  ONM1P 2T8,www.toronto.ca/ltc/bendaleacres.htm
Sunnybrook Veterans Centre,,vac.information.acc@canada.ca,Sunnybrook Health Sciences Centre2075 Bayview AveToronto  ONM4N 3M5,www.veterans.gc.ca/eng
Copernicus Lodge - Long Term Care Home,416-536-7122,,66 Roncesvalles AveToronto  ONM6R 3A7,www.copernicuslodge.com
Fountain View Care Community - Long Term Care Home,416-285-2000,,1800 O'Connor DrToronto  ONM4A 1W7,www.siennaliving.ca
Ivan Franko Home - Long Term Care Home,416-239-7364,ivanfrankohome@one-mail.on.ca,767 Royal York RdToronto  ONM8Y 2T3,www.ivanfrankohomes.com/toronto-home.html
Labdara Lithuanian Nursing Home,416-232-2112,info@labdara.ca,5 Resurrection RdToronto  ONM9A 5G1,www.labdara.ca/index.php
Lakeshore Lodge - Long-Term Care Home,416-392-9400,ltc-ll@toronto.ca,3197 Lake Shore Blvd WToronto  ONM8V 3X5,www.toronto.ca/ltc/lakeshore.htm
McCall Centre For Continuing Care,416-259-2573,mgd_mccall@extendicare.com,140 Sherway DrEtobicoke  ONM9C 1A4,www.mccallcentre.ca
Long-Term Care ACTION Line,Outside Ontario: 416-326-6777,,,www.health.gov.on.ca/en/common/system/services/lhi...
Reports on Long-Term Care Homes,,,,publicreporting.ltchomes.net/en-ca/default.aspx
Rekai Centres - Wellesley Central Place,416-929-9385,recep-wcp@rekaicentres.com,160 Wellesley St EToronto  ONM4Y 1J2,rekaicentres.com/
Seniors Services and Long-Term Care,416-392-8906,ltc-ho@toronto.ca,365 Bloor St E  15th FlToronto  ONM4W 3L4,www.toronto.ca/ltc
True Davidson Acres - Long-Term Care Home,416-397-0400,ltc-tda@toronto.ca,200 Dawes RdToronto  ONM4C 5M8,www.toronto.ca/community-people/housing-shelter/lo...
Wesburn Manor,416-394-3600,ltc-wm@toronto.ca,400 The West MallToronto  ONM9C 5S1,www.toronto.ca/community-people/housing-shelter/lo...
Dynacare - Bolton,905-857-3886,,Goodfellow Medical Building170 McEwan Dr E  Suite 102Bolton  ONL7E 4C8,www.dynacare.ca
Dynacare - Brampton - 164 Queen St E,905-457-1416,,164 Queen St E Ste 108Brampton  ONL6V 1B4,www.dynacare.ca
Dynacare - Brampton - 7700 Hurontario St,647-475-3952,,7700 Hurontario St  Unit 101Brampton  ONL6Y 4M3,www.dynacare.ca
Dynacare - Brampton - Cottrelle Blvd,905-794-2227,,10 Cottrelle Blvd  Suite 108Brampton  ONL6S 0E2,www.dynacare.ca
Dynacare - Brampton - Head Office,1-800-565-5721,,115 Midair CourtBrampton  ONL6T 5M3,www.dynacare.ca
Dynacare - Brampton - Mississauga Rd,905-457-8313,,9525 Mississauga Rd  Unit 8  9Brampton  ONL6X 0Z8,www.dynacare.ca
Dynacare - Etobicoke - Abion Rd,416-747-1214,,1525 Albion Rd  Unit 101Etobicoke  ONM9V 5G5,www.dynacare.ca
Dynacare - Etobicoke - Humber College Blvd,416-746-6209,,100 Humber College Blvd  Suite 105Etobicoke  ONM9V 5G4,www.dynacare.ca
Dynacare - Etobicoke - Kipling Ave,416-244-0076,,1735 Kipling Ave  Unit 215Etobicoke  ONM9R 2Y8,www.dynacare.ca
Dynacare - Mississauga - Goreway,905-677-2404,,Malton Medical Centre7330 Goreway DrMississauga  ONL4T 4J2,www.dynacare.ca
Dynacare - Woodbridge-Walmart locattion,905-856-1135,,8300 Hwy 27Woodbridge  ONL4H 0R9,www.dynacare.ca
Family Medicine and Urgent Care Clinic,289-298-5474,appointments@familymedicine-ucc.com,Walmart Supercentre15 Resolution DrBrampton  ONL6W 0A6,
LifeLabs - Brampton - Bramalea Road,1-877-849-3637,,9780 Bramalea Rd  Suite 405Brampton  ONL6S 2P1,www.lifelabs.com/
LifeLabs - Brampton - Dewside Drive,1-877-849-3637,,2 Dewside Dr  Suite 201ABrampton  ONL6R 0X5,www.lifelabs.com/
LifeLabs - Brampton - Finchgate Blvd,1-877-849-3637,,40 Finchgate Blvd  BasementBrampton  ONL6T 3J1,www.lifelabs.com/
LifeLabs - Brampton - Kennedy Road,1-877-849-3637,,10425 Kennedy Rd N  Unit 105Brampton  ONL6Z 0A4,www.lifelabs.com/
LifeLabs - Brampton - Kensington Road,1-877-849-3637,,18 Kensington RdBrampton  ONL6T 4S5,www.lifelabs.com/
LifeLabs - Brampton - Pertosa Drive,1-877-849-3637,,100 Pertosa Dr  Unit 206Brampton  ONL6X 0H9,www.lifelabs.com/
LifeLabs - Brampton - Vodden Street,1-877-849-3637,,Vodden Medical Arts Building36 Vodden St E  Unit 200Brampton  ONL6V 4H4,www.lifelabs.com/
LifeLabs - Etobicoke - Head Office,416-675-4530,contactus@lifelabs.com,Head office100 International BlvdEtobicoke  ONM9W 6J6,www.lifelabs.com/
LifeLabs - Etobicoke - Humber College Blvd,1-877-849-3637,,115 Humber College Blvd  Suite 630Etobicoke  ONM9V 1R8,www.lifelabs.com/
LifeLabs - Mississauga - Derry Road,1-877-849-3637,,3530 Derry Rd E  Unit 208Mississauga  ONL4T 4E3,www.lifelabs.com/
LifeLabs - Mississauga - Derry Road,1-877-849-3637,,3427 Derry Rd E  Unit 111Mississauga  ONL4T 1A8,www.lifelabs.com
LifeLabs - Orangeville,1-877-849-3637,,Fairground Shopping Centre95 First StOrangeville  ONL9W 2E8,www.lifelabs.com/
LifeLabs - Shelburne,1-877-849-3637,,Mel Lloyd Health Centre167 Centre St  Suite 4Shelburne  ONL0N 1S4,www.lifelabs.com/
LifeLabs - Woodbridge - Islington Ave,1-877-849-3637,,8077 Islington Ave Suite 108Woodbridge  ONL4L 7X7,www.lifelabs.com/
AssessMed - Medical Assessments and Physicals,905-678-2924,,302 Town Centre Blvd  Suite 103Markham  ONL3R 0E8,www.assessmed.com
College of Medical Laboratory Technologists of Ontario (The),416-861-9605,mail@cmlto.com,25 Adelaide St E  Suite 2100Toronto  ONM5C 3A1,www.cmlto.com
Bolton Integrated Care Clinic,905-951-2585,,30 Martha St  Suite 212Bolton  ONL7E 5V1,healthcareathome.ca/centralwest/en/care/Pages/Inte...
Brampton Integrated Care Clinic,905-826-0854,,36 Vodden St E  3rd Fl  Suite 305Brampton  ONL6V 4H4,healthcareathome.ca/centralwest/en/care/Pages/Inte...
Malton Integrated Care Clinic,416-489-2500 ext 1500,,7330 Goreway Dr  2nd Fl  Unit 25Mississauga  ONL4T 2T2,healthcareathome.ca/centralwest/en/care/Pages/Inte...
Orangeville Integrated Care Clinic,226-916-5623,,15 Elizabeth St  Suite L-10Orangeville  ONL9W 3X3,healthcareathome.ca/centralwest/en/care/Pages/Inte...
Shelburne Integrated Care Clinic,226-916-5623,,155 Main St W  Suite 108Shelburne  ONL9V 3K9,healthcareathome.ca/centralwest/en/care/Pages/Inte...
Core Restore Physiotherapy,519-939-9891,hello@corerestorephysio.com,Headwaters Racquet Club  2nd Floor205467 County Rd 109Amaranth  ONL9W 0V1,www.corerestorephysio.com/#intro
ErinoakKids - Publicly Funded Physiotherapy Clinic - Brampton,905-855-2690 ext 2076,,10145 McVean DrBrampton  ONL6P 4K7,www.erinoakkids.ca/Services/Services/Physiotherapy...
ErinoakKids - Publicly-Funded Physiotherapy Clinic - Orangeville,905-855-2690,,224 Centennial Rd  Units 8-11Orangeville  ONL9W 5K2,www.erinoakkids.ca/
Focus Physiotherapy - Bolton,905-857-4999,bolton@focusphysiotherapy.com,170 McEwan Dr E  Unit 207Bolton  ONL7E 4C8,www.focusphysiotherapy.com
Focus Physiotherapy - Brampton,905-457-7958,brampton@focusphysiotherapy.com,10035 Hurontario St  Unit 12ABrampton  ONL6Z 0E6,www.focusphysiotherapy.com
Goreway Physiotherapy and Rehabilitation Centre,905-612-8222,gorewayphysio@gmail.com,7330 Goreway Dr  Unit 20Mississauga  ONL4T 4J2,gorewayphysiotherapy.com
In-Form Physiotherapy and Rehabilitation Centre,905-851-1400,rehab@informphysio.ca,8348 Islington Ave  Unit 3Woodbridge  ONL4L 1W8,www.informphysio.ca
MDR Clinic,905-463-7002 ext 5279,mdrclinics@gmail.com,Holland Christian Homes7900 McLaughlin Rd SBrampton  ONL6Y 5A7,
New Motion - Physio and Sports Rehab,905-792-9024,physioadvise@yahoo.ca,125 Father Tobin Rd  Unit 2Brampton  ONL6R 0W9,www.newmotionphysio.com
Physio Wellness,416-489-5313,info@physiowell.ca,6620 Finch Ave W  Unit 9Toronto  ONM9V 5H7,physiowell.ca/index.html
pt Health - North Brampton,289-948-0887,,36 Vodden St E  Suite 306Brampton  ONL6V 4H4,www.pthealth.ca/clinic/pt-health-north-brampton/
pt Health-Brampton - Evans Physiotherapy,289-206-0744,,40 Finchgate Blvd  Suite 101Brampton  ONL6T 3J1,www.pthealth.ca/clinic/evans-physiotherapy/service...
Shelburne Physiotherapy Centre,519-925-2120,sfpc@rogers.com,North Dufferin Wellness Centre712 Main St E  Unit 102Shelburne  ONL9V 2Z4,www.shelburnephysio.com/
Sport-Medic Physiotherapy Clinic,519-941-4481,sport-medic@bellnet.ca,106 BroadwayOrangeville  ONL9W 1J9,
CBI Health Group - Physiotherapy 2000,905-820-3233,physiotherapy2000@live.com,Credit Valley Medical Arts Building2000 Credit Valley Rd  Suite 102Mississauga  ONL5M 4N4,www.physioone-2000.com
Closing the Gap Healthcare - Mississauga - Matheson Blvd E,905-306-0202,gtahomecare@closingthegap.ca,Corporate Office2810 Matheson Blvd E  Suite 100Mississauga  ONL4W 4X7,www.closingthegap.ca/locations/mississauga-corpora...
Four Seasons Physiotherapy - pt Health - Etobicoke - Four Seasons Place,416-621-8873 or 416-621-2155,consults@pthealth.ca,16 Four Seasons Place  Suite 203Toronto  ONM9B 6E5,www.pthealth.ca/clinic/four-seasons-physiotherapy/
Lifemark Physiotherapy - Mississauga - Meadowvale Town Centre,905-858-3273,meadowvale@lifemark.ca,6855 Meadowvale Town Centre Circle  Suite 101Mississauga  ONL5N 2Y1,www.lifemark.ca/Meadowvale-Town-Centre
Queensway Physiotherapy Centre,416-251-5400,queenswayphysio@rogers.com,365 Evans Ave  Suite 100Toronto  ONM8Z 1K2,etobicokephysiosports.com/
Six Points Physiotherapy and Rehabilitation - pt Health,416-239-3323 or 647-794-3673,sixpointsphysio@pthealth.ca,5468 Dundas St W  Unit 106Etobicoke  ONM9B 6E3,www.pthealth.ca/clinic/six-points-physiotherapy-an...
Advanced Vitality,905-453-3385,info@advancedvitality.ca,c/o Dr Tara Sutton197 County Court Blvd Suite 205Brampton  ONL6W 4P6,www.advancedvitality.ca
Albion Hills Chiropractic and Massage,905-857-8507,,25 Mill StBolton  ONL7E 1C3,www.albionhillschiropractic.com
Albion Hills Physiotherapy,905-951-7051,info@albionhillsphysio.com,Royal Courtyards18 King St E  Upper Level  Unit C1Bolton  ONL7E 1E8,www.albionhillsphysio.com
Alleviate Physiotherapy,416-613-8591,info@alleviatephysiotherapy.com,968 Albion RdEtobicoke  ONM9V 1A7,www.alleviatephysiotherapy.com
Aspire Therapy and Counseling Centre,905-951-8340,aspiretherapyandcounseling@gmail.com,33 King St WBolton  ONL7E 1C7,www.psychologytoday.com/ca/therapists/joyce-van-an...
Bolton Chiropractic Centre,905-857-0858,drshore@boltonchiro.ca,55 Queen St NBolton  ONL7E 1C1,www.boltonchiro.ca
Bolton Total Rehabilitation,905-951-0883,info@boltontotalrehab.com,15 Allan DrBolton  ONL7E 2B5,www.boltontotalrehab.com
Boomerang Health powered by SickKids,905-553-3155,info@boomeranghealth.com,9401 Jane St  Unit 211Vaughan  ONL6A 4H7,www.boomeranghealth.com
Brampton - Ray Lawson-pt Health,,consults@pthealth.ca,17 Ray Lawson Blvd  Unit 8Brampton  ONL6Y 5L8,www.pthealth.ca/clinic/brampton-ray-lawson
Brampton Physiotherapy + Wellness Institute,647-694-9883,brampton@lifeclinics.ca,160 Main St S Unit 6Brampton  ONL6Y 1N2,bramptonphysio.ca
Butterfly Paediatric Therapy,905-206-0300,info@butterflytherapy.com,2601 Matheson Blvd E  Unit 29Mississauga  ONL4W 5A8,www.butterflytherapy.com
Caledon East Family Chiropractic,905-584-2250,,c/o Dr. Scott McCrimmonFoodland Plaza15891 Airport Rd  Unit 3Caledon E  ONL7C 1J3,www.cefamilychiro.com
Caring Rehabilitation - Brampton,905-451-6557,info@caringrehab.ca,160 Main St S  Unit 16Brampton  ONL6W 2E1,www.caringrehab.ca
Castlemore Health Centre,905-794-7649,info@castlemorehealth.com,65 Braydon Blvd  Unit 2Brampton  ONL6P 2S4,www.castlemorehealth.com
CBI  Health Group - Performance Physiotherapy and Wellness,289-632-1700,,11670 Hurontario St N  Suite 1Brampton  ONL7A 1R2,www.cbi.ca/web/physiotherapy-brampton-hurontario-1...
CBI  Health Group - Physiotherapy and Rehabilitation Centre - Brampton Kennedy,905-450-5990,,1 Kennedy Rd SBrampton  ONL6W 3C9,www.cbi.ca
CBI Health Group - Brampton County Court,905-455-8083,,2 County Court Blvd  Suite 302Brampton  ONL6W 3W8,www.cbi.ca/web/physiotherapy-brampton-county
Clark West Physio and Rehab,905-497-5550,info@clarkwestphysio.com,71 West Dr  Unit 31-32Brampton  ONL6T 5E2,www.clarkwestphysio.com/
Communication Speech Therapy,519-216-3593,sholder432@gmail.com,60 C Line  Unit 409Orangeville  ONL9W 0A9,communicationspeechtherapy.ca
Core Restore Physiotherapy,519-939-9891,hello@corerestorephysio.com,Headwaters Racquet Club  2nd Floor205467 County Rd 109Amaranth  ONL9W 0V1,www.corerestorephysio.com/#intro
Derry Road Physiotherapy and Rehab Centre,905-673-6100,,Malton Medical Arts Building3530 Derry Rd E  Suite 210Mississauga  ONL4T 4E3,www.derryroadphysio.com
Dr Anita Chopra - Family Chiropractor,416-873-4218,dranitachopra@gmail.com,2 County Court Blvd  Suite 400Brampton  ONL6W 3W8,my.chiromatrix.com/0014035/contact
DRS Physio and Wellness - Brampton,905-793-5554,drsphysio105@gmail.com,Head Office1090 Peter Robertson Blvd  Unit 105Brampton  ONL6R 3B3,www.drsphysioandwellness.com/
Faith Physiotherapy - pt Health-Brampton,1-866-749-7461,,1965 Cottrelle Blvd  Unite 5CBrampton  ONL6P 2Z8,
First Care Physiotherapy and Registered Massage TherapyClinic,905-453-3883,admin@firstcarephysiotherapy.com,247 Main St NBrampton  ONL6X 1N3,www.firstcarephysiotherapy.com
Focus Physiotherapy - Bolton,905-857-4999,bolton@focusphysiotherapy.com,170 McEwan Dr E  Unit 207Bolton  ONL7E 4C8,www.focusphysiotherapy.com
Focus Physiotherapy - Brampton,905-457-7958,brampton@focusphysiotherapy.com,10035 Hurontario St  Unit 12ABrampton  ONL6Z 0E6,www.focusphysiotherapy.com
GLA:D Canada - Bolton Physiotherapy Clinic - Bolton,905-857-3927,dan@boltonphysio.com,Bolton Medical Centre12295 Hwy 50  Unit 10Bolton  ONL7E 1M2,www.boltonphysio.ca
GLA:D Canada - Chiropractic Health Care Centre - Woodbridge,905-851-6848,bacdoc.ca@outlook.com,Chiropractic Health Care Centre7845 Kipling AveWoodbridge  ONL4L 1Z4,gladcanada.ca/
GLA:D Canada - Eramosa Physiotherapy Association - Orangeville,519-940-8993,orangeville@eramosaphysio.com,41 BroadwayOrangeville  ONL9W 1J7,eramosaphysio.com/our-locations/orangeville
GLA:D Canada - Headwaters Physiotherapy - Orangeville,519-942-8884,,48 Centennial Rd Unit 18Orangeville  ONL9W 3T4,gladcanada.ca/
GLA:D Canada - Insync Wellness - Brampton,905-455-2222,admin@insyncwellness.com,20 Rivermont Rd  Unit 3BBrampton  ONL9Y 6G7,www.insyncwellness.com
GLA:D Canada - Natural Touch Rehabilitation Centre - Brampton,905-455-2222,info@naturaltouchrehab.ca,312 Queen St EBrampton  ONL6V 1C2,www.naturaltouchrehabilitation.com
GLA:D Canada - Ortho Rehab Group - Brampton,905-595-7007,,2140 North Park DrBrampton  ONL6S 0C9,
Goreway Physiotherapy and Rehabilitation Centre,905-612-8222,gorewayphysio@gmail.com,7330 Goreway Dr  Unit 20Mississauga  ONL4T 4J2,gorewayphysiotherapy.com
Health First Wellness Centre,905-857-7773,info@healthfirstwellness.com,170 McEvan Dr E  Suite 201Bolton  ONL7E 4C8,www.healthfirstwellness.com
Heartlake Chiropractic and Spinal Decompression Centre,905-840-1330,info@heartlakechiro.com,10425 Kennedy Rd N  Suite 205Brampton  ONL6Z 0A4,www.chiropractorbrampton.com
Humber 27 Wellness and Foot Clinic,647-341-3668,humber27wellness@gmail.com,c/o Humber 27 Wellness Centre106 Humber College Blvd  Unit 12Etobicoke  ONM9V 4E4,
Humber Family Chiropractic, Rehabilitation and Wellness,416-744-7900,info@pinpointhealth.ca,100 Humber College Blvd  Suite 101Etobicoke  ONM9V 5G4,humber-family.com
In-Form Physiotherapy and Rehabilitation Centre,905-851-1400,rehab@informphysio.ca,8348 Islington Ave  Unit 3Woodbridge  ONL4L 1W8,www.informphysio.ca
Inter-Action Rehabilitation,905-677-2501,,5945 Airport Rd  Suite 165Mississauga  ONL4V 1R9,www.interactionrehab.com
Kathy Payne Therapy,519-939-7575,kathypaynetherapy@gmail.com,c/o Kathy Payne46 Westmorland AveOrangeville  ONL9W 3B6,www.kathypaynetherapy.ca
Keiz Marshall Voice and Speech Center,905-595-5121,VSC@keizmarshall.com,2250 Bovaird Dr E  Suite 601Brampton  ONL6R 3W0,www.calisting.net/biz/keizmarshallvoicespeechcente...
Kick Start Therapy,416-827-8274,kickstarttherapy@gmail.com,c/o S. Shah43 Links LaneBrampton  ONL6Y 5H2,www.kickstarttherapy.com
Malton Chiropractic Clinic,905-671-4096,,Westwood Mall7205 Goreway Dr  Unit B 6Mississauga  ONL4T 2T9,
McCarthy Chiropractic Clinic,416-747-6678,office@mccarthychiro.ca,96 Rexdale Blvd  Unit 3Etobicoke  ONM9W 1N7,www.mccarthychiro.ca
MCI Physiotherapy,905-595-1001,bramaleaphysio@mcimed.com,MCI The Doctor's Office25 Peel Centre Dr  Suite 387Brampton  ONL6T 3R5,
McQueen Clinic,905-451-7863,,8975 McLaughlin Rd SBrampton  ONL6Y 0Z6,
MDR Clinic,905-463-7002 ext 5279,mdrclinics@gmail.com,Holland Christian Homes7900 McLaughlin Rd SBrampton  ONL6Y 5A7,
MedRehab Group - Brampton,905-970-0101,Brampton@medrehabgroup.com,380 Bovaird Dr E  Suite 26Brampton  ONL6Z 2S8,www.medrehabgroup.com
Mobility Plus Physiotherapy,416-809-7587 will take text messages,,c/o Glenda LabinePO Box 168Bolton  ONL7E 5T2,
Moss, Rowden, Freigang and Associates,905-874-4737,psych@mrfservices.ca,Vodden Place Plaza341 Main St N  Suite 200Brampton  ONL6X 3C7,www.mrfservices.ca/
New Hope Physiotherapy and Rehab Centre - Brampton,905-846-4000,newhopephysio@gmail.com,170 Sandalwood Pkwy E  Unit 1Brampton  ONL6Z 1Y5,www.newhopephysio.com
New Hope Physiotherapy and Rehab Centre - East Brampton,416-360-7500,newhopephysio@gmail.com,263 Queen St E  Unit 20Brampton  ONL6W 4K6,www.newhopephysio.com
New Hope Physiotherapy and Rehab Centre - Malton,905-364-3900,newhopephysio@gmail.com,2960 Drew Rd  Unit 139Mississauaga  ONL4T 0A5,www.newhopephysio.com
Paramount Physiotherapy and Sport Injuries Clinic,905-455-4488,,811 Bovaird Dr W  Unit 22Brampton  ONL6X 0T9,paramount-physiotherapy.com
Physio Plus Orthopaedic and Sports Injury Clinic,519-941-8865,physio.plus@lifemark.ca,20 Dawson Rd  Unit 4Orangeville  ONL9W 5M2,www.lifemark.ca/services
Physio Wellness,416-489-5313,info@physiowell.ca,6620 Finch Ave W  Unit 9Toronto  ONM9V 5H7,physiowell.ca/index.html
PhysioMed Etobicoke-Humber,416-740-6681,victor.vongphakdy@physiomed.ca,106 Humber College Blvd  Unit 17Etobicoke  ONM9V 4E4,www.physiomed.ca
pt Health - North Brampton,289-948-0887,,36 Vodden St E  Suite 306Brampton  ONL6V 4H4,www.pthealth.ca/clinic/pt-health-north-brampton/
pt Health-Bramalea - Kensington Road,1-866-749-7461,,18 Kensington Rd  Suite 200Brampton  ONL6T 4S5,www.pthealth.ca/clinic/bramalea-kensington-road/
pt Health-Brampton - Evans Physiotherapy,289-206-0744,,40 Finchgate Blvd  Suite 101Brampton  ONL6T 3J1,www.pthealth.ca/clinic/evans-physiotherapy/service...
pt Health-Brampton - Hurontario and Bovaird Dr E,1-866-749-7461,,10035 Hurontario St Unit 12ABrampton  ONL6Z 0E6,
pt Health-Brampton - Main St S,1-866-749-7461,,389 Main St N  unit 4Brampton  ONL6X 3P1,www.pthealth.ca/clinic/brampton-main-and-vodden/
pt Health-Etobicoke - Rexdale and Kipling,1-866-749-7461,,2291 Kipling AveToronto  ONM9W 4L6,www.pthealth.ca/clinic/etobicoke-rexdale-and-kipli...
Pursuit Health Orangeville,519-940-3600,,11 First StOrangeville  ONL9W 2C6,www.pursuithealthorangeville.com
Queen West Physiotherapy and Acupuncture,905-450-7870,info@queenwestphysio.ca,345 Queen St W  Units 1  3  4Brampton  ONL6Y 3A9,www.queenwestphysio.ca
Rapid Rehab,647-966-8676,rapidrehabcanada@gmail.com,8920 Hwy 50  Unit 7Brampton  ONL6P 3A3,rapidrehab.ca
Rehab First - Toronto,416-489-5151,,93 Skyway Ave  Suite 106Toronto  ONM9W 6N6,www.rehabfirst.ca
Rexdale Chiropractic Centre,416-740-1060,info@helpinguheal.com,96 Rexdale Blvd  Unit 3Etobicoke  ONM9W 1N7,www.helpinguheal.com
Health Care Services - Physiotherapy,416-744-0066,info@rexdalechc.com,8 Taber RdEtobicoke  ONM9W 3A4,www.rexdalechc.com
Sandalwood Chiropractic and Wellness Centre,905-459-0685,sandalwoodchiropractic@hotmail.com,170 Sandalwood Pkwy E  Unit 12Brampton  ONL6Z 1Y5,www.sandalwoodchiropractic.com
Sandalwood Physiotherapy and Wellness,905-840-8111,info@sandalwoodphysio.com,10886 Hurontario St N  Unit A9Brampton  ONL7A 3R9,sandalwoodphysio.com
Scott Family Chiropractic,905-264-(KIDS)5437,info@vibrantlifechiropractic.com,21 Roysun Rd  Unit 16  Suite16 BWoodbridge  ONL4L 8R3,
Shelburne Physiotherapy Centre,519-925-2120,sfpc@rogers.com,North Dufferin Wellness Centre712 Main St E  Unit 102Shelburne  ONL9V 2Z4,www.shelburnephysio.com/
Sport-Medic Physiotherapy Clinic,519-941-4481,sport-medic@bellnet.ca,106 BroadwayOrangeville  ONL9W 1J9,
The Sports Medicine Specialists - Brampton,905-455-0800,,247 McMurchy Ave SBrampton  ONL6Y 1Z4,www.sportmedspecialistsbrampton.com
Trainsmart Wellness,289-499-6395,info@trainsmartwellness.ca,148 Queen St EBrampton  ONL6V 1B2,www.trainsmartwellness.ca/
Physiotherapy Services,905-677-9599,mail.fourcorners@wellfort.ca,Westwood Square7205 Goreway DrMississauga  ONL4T 2T9,www.fourcornershealthcentre.ca
CBI Health Group - Physiotherapy 2000,905-820-3233,physiotherapy2000@live.com,Credit Valley Medical Arts Building2000 Credit Valley Rd  Suite 102Mississauga  ONL5M 4N4,www.physioone-2000.com
Etobicoke  Islington - CBI Health Centre,416-233-8933,,1243 Islington Ave  Suite 1205Toronto  ONM8X 1Y9,www.cbi.ca
Closing the Gap Healthcare - Mississauga - Matheson Blvd E,905-306-0202,gtahomecare@closingthegap.ca,Corporate Office2810 Matheson Blvd E  Suite 100Mississauga  ONL4W 4X7,www.closingthegap.ca/locations/mississauga-corpora...
Dorval Physiotherapy and Wellness Clinic,905-337-7007 or 903-399-7006,contact@dorvalphysio.ca,170 Rebecca St  Unit GOakville  ONL6K 1J6,www.dorvalphysio.ca
Four Seasons Physiotherapy - pt Health - Etobicoke - Four Seasons Place,416-621-8873 or 416-621-2155,consults@pthealth.ca,16 Four Seasons Place  Suite 203Toronto  ONM9B 6E5,www.pthealth.ca/clinic/four-seasons-physiotherapy/
KIDSPEECH,416-447-7325,info@kidspeech.ca,19 Larabee Cres  Unit 1Toronto  ONM3A 3E6,www.kidspeech.ca
Lifemark Physiotherapy - Mississauga - Meadowvale Town Centre,905-858-3273,meadowvale@lifemark.ca,6855 Meadowvale Town Centre Circle  Suite 101Mississauga  ONL5N 2Y1,www.lifemark.ca/Meadowvale-Town-Centre
Morneau Shepell - Children's Support Solutions - Central Toronto Clinic,,childrensupportsolutions@morneaushepell.com,1131 Leslie StToronto  ONM3C 2J6,www.childrensupportsolutions.com
Therapy and Rehabilitation,416-929-3364,PrivateConsumers@paramed.com,255 Consumers Rd  Suite 160Toronto  ONM2J 1R4,www.paramed.com
Queensway Physiotherapy Centre,416-251-5400,queenswayphysio@rogers.com,365 Evans Ave  Suite 100Toronto  ONM8Z 1K2,etobicokephysiosports.com/
SE Health & Elizz - Mississauga-Halton and Central West - Home Care,905-826-0854,info@sehc.com,6745 Century Ave  Suite 5Mississauga  ONL5N 1V9,www.sehc.com
Six Points Physiotherapy and Rehabilitation - pt Health,416-239-3323 or 647-794-3673,sixpointsphysio@pthealth.ca,5468 Dundas St W  Unit 106Etobicoke  ONM9B 6E3,www.pthealth.ca/clinic/six-points-physiotherapy-an...
Speech and Company - Georgetown - Speech and Occupational Therapy for Kids,416-628-3899,info@speechandco.com,299 Eaton StGeorgetown  ONL7G 6N7,www.speechandco.com
Toronto People With AIDS Foundation,416-506-1400,info@pwatoronto.org,200 Gerrard St E  2nd FlToronto  ONM5A 2E6,www.pwatoronto.org
Albion Hills Chiropractic and Massage,905-857-8507,,25 Mill StBolton  ONL7E 1C3,www.albionhillschiropractic.com
Brampton Physiotherapy + Wellness Institute,647-694-9883,brampton@lifeclinics.ca,160 Main St S Unit 6Brampton  ONL6Y 1N2,bramptonphysio.ca
Clark West Physio and Rehab,905-497-5550,info@clarkwestphysio.com,71 West Dr  Unit 31-32Brampton  ONL6T 5E2,www.clarkwestphysio.com/
Derry Road Physiotherapy and Rehab Centre,905-673-6100,,Malton Medical Arts Building3530 Derry Rd E  Suite 210Mississauga  ONL4T 4E3,www.derryroadphysio.com
GLA:D Canada - Bolton Physiotherapy Clinic - Bolton,905-857-3927,dan@boltonphysio.com,Bolton Medical Centre12295 Hwy 50  Unit 10Bolton  ONL7E 1M2,www.boltonphysio.ca
McCarthy Chiropractic Clinic,416-747-6678,office@mccarthychiro.ca,96 Rexdale Blvd  Unit 3Etobicoke  ONM9W 1N7,www.mccarthychiro.ca
MedRehab Group - Brampton,905-970-0101,Brampton@medrehabgroup.com,380 Bovaird Dr E  Suite 26Brampton  ONL6Z 2S8,www.medrehabgroup.com
New Motion - Physio and Sports Rehab,905-792-9024,physioadvise@yahoo.ca,125 Father Tobin Rd  Unit 2Brampton  ONL6R 0W9,www.newmotionphysio.com
Paramount Physiotherapy and Sport Injuries Clinic,905-455-4488,,811 Bovaird Dr W  Unit 22Brampton  ONL6X 0T9,paramount-physiotherapy.com
Physio Plus Orthopaedic and Sports Injury Clinic,519-941-8865,physio.plus@lifemark.ca,20 Dawson Rd  Unit 4Orangeville  ONL9W 5M2,www.lifemark.ca/services
Precision Foot Care and Orthotic Centre,905-792-4335,info@precisionfootcare.ca,Springdale Professional Building2250 Bovaird Dr E  Suite 310Brampton  ONL6R 0W3,precisionfootcare.ca
Rapid Rehab,647-966-8676,rapidrehabcanada@gmail.com,8920 Hwy 50  Unit 7Brampton  ONL6P 3A3,rapidrehab.ca
Sport-Medic Physiotherapy Clinic,519-941-4481,sport-medic@bellnet.ca,106 BroadwayOrangeville  ONL9W 1J9,
The Sports Medicine Specialists - Brampton,905-455-0800,,247 McMurchy Ave SBrampton  ONL6Y 1Z4,www.sportmedspecialistsbrampton.com
Trillium Health Partners - Women's Health Services,Credit Valley Hospital 905-813-2200Mississauga Hospital 905-848-7100Queensway Health Centre 416-259-6671,publicrelations@thc.on.ca,100 Queensway WMississauga  ONL5B 1B8,trilliumhealthpartners.ca/patientservices/womens/P...
Womens, Childrens and Adolescent Services,905-494-2120,,20 Lynch StBrampton  ONL6W 2Z8,www.williamoslerhs.ca/about-osler/osler's-faciliti...
