Store,phone,email,address,website
700 Main Pharmacy,905-544-0040,,700 Main St EHamilton  ONL8M 1K7,
Aid Plus Pharmacy,905-689-8880,,252 Dundas St E  Unit 1Waterdown  ONL8B 0E7,
Ancaster Village Pharmacy,289-239-8070,,81 Wilson St WAncaster  ONL9G 1N1,
Appleby Pharmacy,905-336-3302,info@applebypharmacy.com,1960 Appleby Line  Suite 10Burlington  ONL7L 0B7,www.applebypharmacy.com
Avenue Pharmacy - Brantford - Brant Ave,519-756-8900,,Avenue Medical Centre221 Brant AveBrantford  ONN3T 3J2,www.avenuemedical.ca/index.aspx?PageName=Links
Barton Medical Pharmacy,289-389-8844,info@bartonmedical.ca,293 Barton St EHamilton  ONL8L 2X4,www.bartonmedical.ca
Barton Pharmacy,905-543-9999,,1130 Barton St E  Unit 101Hamilton  ONL8H 7P9,www.bartonmedicalcenter.ca
Binbrook Family Health Pharmacy,289-522-0775,,2537 Hamilton Regional Rd 56  Unit B6Binbrook  ONL0R 1C0,
Binbrook Pharmacy,905-692-9394,,3011 Hamilton Regional Route 56Binbrook  ONL0R 1C0,
Bradfield Pharmacy,905-295-3883,,8251 Dock StNiagara Falls  ONL2G 7G7,
Brant Lakeshore Pharmacy,289-337-3333,brantlakeshorepharmacy@gmail.com,1477 Lakeshore Rd  Unit 1Burlington  ONL7S 1B5,www.brantlakeshorepharmacy.com
Brantford Life Care Pharmacy,519-758-5600,brantfordlifecarepharmacy@hotmail.com,205 Colborne StBrantford  ONN3T 2H2,www.brantfordlifecare.com
Brantford Medical Pharmacy,519-754-2888,,40 Shellington PlaceBrantford  ONN3S 0C5,www.brantfordmedicalpharmacy.ca
Brodies Drug Store,905-894-2520,info@brodiesdrugstore.ca,315 Ridge Rd NRidgeway  ONL0S 1N0,www.brodiesdrugstore.com
Calea Pharmacy,1-855-842-3560,,41 Brockley Dr  Unit 12Hamilton  ONL8E 3C3,www.calea.ca/en
Caledonia Life Care Pharmacy,905-765-3003,,53 Argyle St N  Unit 1Caledonia  ONN3W 1B8,www.caledonialifecare.com
Campus Pharmacy,905-688-8800,,460 Sir Isaac Brock Way  Unit 9St Catharines  ONL2T 4E6,
Canadian Addiction Treatment Pharmacy - Niagara Falls,289-932-1790,,6175 Dunn St  Unit 11Niagara Falls  ONL2G 2P4,canatp.ca/catp-niagara-falls
Cannon Pharmacy,905-522-1414,cannonpharmacy1111@gmail.com,15 Cannon St E  Unit 3Hamilton  ONL8L 1Z6,
Carlisle Pharmacy,905-689-6161,carlislepharmacy@gmail.com,1493 Centre Rd  PO Box 299Carlisle  ONL0R 1H0,www.carlislepharmacy.com
CENPRO Pharmacy,519-759-1640,cenpro76@hotmail.com,72 Brant AveBrantford  ONN3T 5Z8,cenpropharmacy.weebly.com
Centennial Pharmaserve - Hamilton,905-560-1293,,68 Centennial Pkwy NHamilton  ONL8E 1H6,
Charing Cross Pharmacy,519-750-1500,,124 Charing Cross StBrantford  ONN3R 2J1,www.brantfordmedicalpharmacy.ca/contact-us
Charlton Health - Hamilton,905-526-7002,,25 Charlton Ave E  Unit 101Hamilton  ONL8N 1Y2,www.charltonhealthcare.com
Charlton Pharmacy,289-389-7393,charlton.hamilton@gmail.com,232 James St SHamilton  ONL8P 3B3,www.charltonmedicalcentre.com/?page=pharmacy
Chez Pharmacy,905-633-9939,,3230 Fairview St  Unit 2006Burlington  ONL7N 3H5,
City Pharmacy,905-545-1411,samydrugmart@gmail.com,1523 Barton St EHamilton  ONL8H 2X5,
Classic Care Pharmacy,905-631-9027,info-burlington@classiccare.ca,1320 Heine CourtBurlington  ONL7L 6L9,
Concession Medical Pharmacy,905-387-7125,,444 Concession St  Unit 101Hamilton  ONL9A 1C2,www.concessionpharmacy.ca
Costco Pharmacy - Ancaster,905-304-2451,,100 Legend CourtAncaster  ONL9K 1J3,www.costco.ca/warehouse-locations/ancaster-on-1105...
Costco Pharmacy - Burlington,905-336-9660,,1225 Brant StBurlington  ONL7P 1X7,www.costco.ca/warehouse-locations/burlington-on-bu...
Costco Pharmacy - St Catharines,905-646-6689,,3 North Service RdSt Catharines  ONL2N 7R1,www.costco.ca/warehouse-locations/st-catharines-on...
Costco Pharmacy - Stoney Creek,289-335-4830,,1330 South Service RdStoney Creek  ONL8E 5C5,www.costco.ca/warehouse-locations/stoney-creek-on-...
Court Street Pharmacy,905-346-1100,9courtstreetpharmacy@gmail.com,9 Court StSt Catharines  ONL2R 4R3,www.courtstreetpharmacy.com
Crown Point Pharmacy,289-389-4411,info@crownpointpharmacy.com,45 Kenilworth Ave NHamilton  ONL8H 4R4,crownpointpharmacy.com
Daniel Drug Mart - Hamilton - Upper Gage Ave (Stone Church),905-383-7222,,1394 Upper Gage Ave  Unit 6Hamilton  ONL8W 1E7,
Daniel Drug Mart - Hamilton - Upper James St,905-318-3668,,547 Upper James St  Unit DHamilton  ONL9C 2Y5,
Danmar Pharmacy,905-578-2665,,205 Quigley Rd  Unit 8Hamilton  ONL8K 5M8,
Dover Apothecary,519-583-3784,,328 Main StPort Dover  ONN0A 1N0,www.dover-apothecary.ca
Dundas Community Pharmacy,905-627-2500,dundascommunitypharmacy@gmail.com,92 Main StDundas  ONL9H 2R1,www.dundascommunitypharmacy.blogspot.ca
East Main Pharmacy,905-735-1500,,816 East Main StWelland  ONL3B 3Y7,www.eastmainpharmacy.ca
East Waterdown Pharmacy,289-895-9393,,419 Dundas St E  Unit 11Waterdown  ONL8B 0K4,www.eastwaterdownmedical.com/pharmacy
Eastmount Pharmacy,289-755-4427,,788 Upper Ottawa St  Unit 9Hamilton  ONL8T 3V2,
Fairview Pharmacy,905-333-5668,,2200 Fairview St  Unit 101Burlington  ONL7R 4H9,
Falls Pharmacy,905-354-3883,,6635 Drummond RdNiagara Falls  ONL2G 4N4,www.fallspharmacy.com
Fletcher Pharmacy,905-692-4444,,1962 Rymal Rd E  Unit 2Hannon  ONL0R 1P0,www.fletchermedicalcentre.com
Food and Drug Basics Pharmacy - Burlington - Fairview St,905-634-2391,,3365 Fairview StBurlington  ONL7N 3N9,www.foodbasics.ca/find-your-food-basics.en.html?se...
Food and Drug Basics Pharmacy - Hamilton - Barton St E,905-578-5454,,2500 Barton St EHamilton  ONL8E 4A2,www.foodbasics.ca/find-your-food-basics.en.html?se...
Food and Drug Basics Pharmacy - Hamilton - Upper James St,905-575-7755,,751 Upper James StHamilton  ONL9C 3A1,www.foodbasics.ca/find-your-food-basics.en.html?se...
Food and Drug Basics Pharmacy - Niagara Falls,905-356-1100,,3770 Montrose RdNiagara Falls  ONL2H 3K3,www.foodbasics.ca/find-your-food-basics.en.html?se...
Food and Drug Basics Pharmacy - St Catharines,905-935-3404,,275 Geneva StSt Catharines  ONL2N 2E9,www.foodbasics.ca/find-your-food-basics.en.html?se...
Fortinos DRUGStore Pharmacy - Ancaster - Wilson St W,905-304-5749,,54 Wilson St WAncaster  ONL9G 1N2,www.fortinos.ca/store-locator/details/0086
Fortinos DRUGStore Pharmacy - Burlington - Appleby Line,905-319-0366,,2515 Appleby LineBurlington  ONL7L 0B6,www.fortinos.ca/store-locator/details/1435
Fortinos DRUGStore Pharmacy - Burlington - Guelph Line (Upper Middle),905-336-1112,,2025 Guelph LineBurlington  ONL7P 4M8,www.fortinos.ca/store-locator/details/0526
Fortinos DRUGStore Pharmacy - Burlington - New St,905-631-0566,,5111 New StBurlington  ONL7L 1V2,www.fortinos.ca/store-locator/details/2268
Fortinos DRUGStore Pharmacy - Burlington - Plains Rd E,905-634-2739,,1059 Plains Rd EBurlington  ONL7T 4K1,www.fortinos.ca/store-locator/details/0078
Fortinos DRUGStore Pharmacy - Hamilton - Centennial Pkwy N (Eastgate),905-561-1529,,75 Centennial Pkwy NHamilton  ONL8E 2P2,www.fortinos.ca/store-locator/details/0300
Fortinos DRUGStore Pharmacy - Hamilton - Dundurn St S,905-529-9135,,50 Dundurn St S  Unit BHamilton  ONL8P 4W3,www.fortinos.ca/store-locator/details/2265
Fortinos DRUGStore Pharmacy - Hamilton - Main St W,905-308-9339,,1579 Main St WHamilton  ONL8S 1E6,www.fortinos.ca/store-locator/details/0067
Fortinos DRUGStore Pharmacy - Hamilton - Mall Rd,905-574-5939,,65 Mall RdHamilton  ONL8V 5B5,www.fortinos.ca/store-locator/details/0048
Fortinos DRUGStore Pharmacy - Stoney Creek - Hwy 8 (Fiesta Mall),905-664-4232,,102 Hwy 8Stoney Creek  ONL8G 4H3,www.fortinos.ca/store-locator/details/0097
Fortinos DRUGStore Pharmacy - Stoney Creek - Upper Centennial Pkwy,905-664-6778,,21 Upper Centennial Pkwy SStoney Creek  ONL8J 3W2,www.fortinos.ca/store-locator/details/0046
Fortinos DRUGStore Pharmacy - Waterdown - Hamilton St N,905-690-4469,,115 Hamilton St NWaterdown  ONL0R 2H6,www.fortinos.ca/store-locator/details/1434
Fresenius Kabi Compounding Solutions - Hamilton - Brockley Dr,1-877-821-7724,canada_customerservice@fresenius-kabi.com,41 Brockley DrHamilton  ONL8E 3P1,www.fresenius-kabi.com/en-ca/products/compounding-...
FreshCo Pharmacy - Brantford - Market St S,519-759-6997,,50 Market St SBrantford  ONN3S 2E3,www.freshco.com/stores/market-icomm
FreshCo Pharmacy - Niagara Falls,905-371-8925,,5931 Kalar RdNiagara Falls  ONL2H 0L4,www.freshco.com/stores/kalar-lundys-lane
Fruitland Pharmacy,905-643-8181,,311 Fruitland Rd  Unit 1Stoney Creek  ONL8E 5M8,
Garden City Pharmacy,905-704-1200,,68 St Paul St WSt Catharines  ONL0S 1E5,www.garden-city-pharmacy.ca
Goldencare Pharmacy - Burlington,905-639-2222,goldencare_ph@hotmail.com,Joseph Brant Hospital1230 North Shore Blvd EBurlington  ONL7S 1C4,www.goldencarepharmacy.ca
Goldencare Pharmacy - Niagara Falls,905-354-0077,goldencare_ph@hotmail.com,Niagara Health System - Greater Niagara General5546 Portage RdNiagara Falls  ONL2E 6X2,www.goldencarepharmacy.ca
Gordon's Pharmacy,905-544-4631,,1511 Main St EHamilton  ONL8K 1E2,
Grand River Clinic and Pharmacy,Clinic: 519-756-1741Pharmacy: 519-428-3329,,423 Colborne St EBrantford  ONN3S 3N5,www.grandriverpharmacybrantford.ca/brantford
Greater Niagara Pharmacy,905-356-3800,ash@greaterniagarapharmacy.com,5547 Portage RdNiagara Falls  ONL2G 1J7,www.greaterniagarapharmacy.com
Guardian Pharmacy - Brantford - King George Rd (Brant Pharmacy),519-304-3646,,265 King George Rd  Unit 104Brantford  ONN3R 5L5,www.guardian-ida-pharmacies.ca/en/ontario/brantfor...
Guardian Pharmacy - Brantford - West St (Guardian Discount Pharmacy),519-752-3104,guardiandiscountpharmacy@gmail.com,484 West StBrantford  ONN3R 3N7,www.guardian-ida-pharmacies.ca/en/ontario/brantfor...
Guardian Pharmacy - Burlington - Brant St (St Joseph's Pharmacy),905-639-0906,,906 Brant StBurlington  ONL7R 2J5,www.guardian-ida-pharmacies.ca/en/ontario/burlingt...
Guardian Pharmacy - Burlington - Dundas St (Bonavista Pharmacy),289-337-2622,,5220 Dundas StBurlington  ONL7L 0J4,www.guardian-ida-pharmacies.ca/en/ontario/burlingt...
Guardian Pharmacy - Burlington - Fairview St (Morelli's Pharmacy),905-333-5537,,Longo's Fairview1225 Fairview StBurlington  ONL7S 1Y3,www.guardian-ida-pharmacies.ca/en/ontario/burlingt...
Guardian Pharmacy - Burlington - Plains Rd E (Aldershot Pharmacy),905-681-7100,aldershotguardian@hotmail.com,185 Plains Rd E  Units 2 and 3Burlington  ONL7T 2C4,www.guardian-ida-pharmacies.ca/en/ontario/burlingt...
Guardian Pharmacy - Burlington - Walkers Line (Morelli's Pharmacy),905-331-4554,,Longo's2900 Walkers LineBurlington  ONL7M 4M8,www.guardian-ida-pharmacies.ca/en/ontario/burlingt...
Guardian Pharmacy - Burlington - Walkers Line (Mountainside Pharmacy),905-336-2212,mountainsiderx@gmail.com,1900 Walkers Line  Unit 3Burlington  ONL7M 4W5,www.guardian-ida-pharmacies.ca/en/ontario/burlingt...
Guardian Pharmacy - Grimsby (Orchardview Pharmacy),905-945-6088,,155 Main St E  Unit 107Grimsby  ONL3M 1P2,www.guardian-ida-pharmacies.ca/en/ontario/grimsby/...
Guardian Pharmacy - Hamilton -  King St E (First Place Pharmacy),905-540-8877,firstplacepharmacy@hotmail.com,350 King St E  Suite 117Hamilton  ONL8N 3Y3,www.guardian-ida-pharmacies.ca/en/ontario/hamilton...
Guardian Pharmacy - Hamilton - Cannon St (Hamilton Downtown Pharmacy),905-522-0003,hdtpharmacy@gmail.com,52 Cannon St WHamilton  ONL8R 2B5,www.guardian-ida-pharmacies.ca/en/ontario/hamilton...
Guardian Pharmacy - Hamilton - Concession St (Smile Pharmacy),905-385-4334,,525 Concession StHamilton  ONL8V 1A7,www.guardian-ida-pharmacies.ca/en/ontario/hamilton...
Guardian Pharmacy - Hamilton - James St S (Sutherland Pharmacy),905-527-4561,,180 James St SHamilton  ONL8P 4V1,www.guardian-ida-pharmacies.ca/en/ontario/hamilton...
Guardian Pharmacy - Hamilton - Queenston Rd (Bonavista Pharmacy),289-389-3131,,360 Queenston RdHamilton  ONL8K 1H8,www.guardian-ida-pharmacies.ca/en/ontario/hamilton...
Guardian Pharmacy - Hamilton - Redmond Dr (Stonechurch Compounding Pharmacy),905-574-2828,info@stonechurchpharmacy.com,25 Redmond Dr  Unit 3Hamilton  ONL8W 3K7,www.stonechurchpharmacy.com
Guardian Pharmacy - Hamilton - Upper Ottawa St (Hamilton Care Pharmacy),289-755-0142,hamiltoncarepharmacy@gmail.com,969 Upper Ottawa St  Unit 11Hamilton  ONL8T 4V9,www.guardian-ida-pharmacies.ca/en/ontario/hamilton...
Guardian Pharmacy - Hamilton - Upper Wentworth St (Limeridge Medical Pharmacy),905-574-5333,,Wentworth Limeridge Med Centre849 Upper Wentworth StHamilton  ONL9A 5H4,www.guardian-ida-pharmacies.ca/en/ontario/hamilton...
Guardian Pharmacy - Hamilton - Victoria Ave N (Victoria Pharmacy),905-526-1500,,Victoria Medical Bldg304 Victoria Ave NHamilton  ONL8L 5G4,www.guardian-ida-pharmacies.ca/en/ontario/hamilton...
Guardian Pharmacy - Hamilton - Winterberry Dr (Silver Creek),905-667-4640,,Heritage Greene Professional Arts Bldg325 Winterberry Dr  Suite 104Hamilton  ONL8J 0B6,www.guardian-ida-pharmacies.ca/en/ontario/hamilton...
Guardian Pharmacy - Smithville (Rx Drug Mart),905-957-3943,,144 Griffin StSmithville  ONL0R 2A0,www.guardian-ida-pharmacies.ca/en/ontario/smithvil...
Guardian Pharmacy - Stoney Creek -  Barton St E (Vitacare Pharmacy),905-930-9877,,198 Barton St  Unit 1Stoney Creek  ONL8E 2K2,vitacarerx.ca
Guardian Pharmacy - Stoney Creek - Queenston Rd (Friendly Pharmacy),905-662-8988,,800 Queenston Rd  Unit 4Stoney Creek  ONL8G 1A7,www.guardian-ida-pharmacies.ca/en/ontario/stoney-c...
Hamilton Clinic Pharmacy,905-523-4367,,200 Main St E  Lower LevelHamilton  ONL8N 1H3,
Hamilton Community Pharmacy,905-529-1027,,414 Victoria Ave N  Unit M15Hamilton  ONL8L 5G8,
Hamilton General Drugstore,905-577-8259,,237 Barton St EHamilton  ONL8L 2X2,www.hamiltonhealthsciences.ca/areas-of-care/progra...
Pharmacy,905-521-2100,,237 Barton St EHamilton  ONL8L 2X2,www.hamiltonhealthsciences.ca/about-us/our-organiz...
Pharmacy,905-575-6320,pharmacy@jcc.hhsc.ca,699 Concession StHamilton  ONL8V 5C2,www.hamiltonhealthsciences.ca/areas-of-care/progra...
Pharmacy,Main Information Desk: 905-521-2100,,711 Concession StHamilton  ONL8V 1C3,
McMaster Drugstore,905-521-5019,pharoutmumc@hhsc.ca,1200 Main St WHamilton  ONL8N 3Z5,www.hamiltonhealthsciences.ca/areas-of-care/progra...
Pharmacy,Main Information Desk: 905-521-2100,,1200 Main St WHamilton  ONL8N 3Z5,
Pharmacy,905-777-3837,,88 Maplewood AveHamilton  ONL8M 1W9,
Hamilton Pharmacy (The),289-389-2224,,335 Queenston RdHamilton  ONL8K 1H7,
Hauser's Pharmacy - Dunnville - Broad St E,905-774-7331,,140 Broad St EDunnville  ONN1A 1E9,www.hauserspharmacy.com
Hauser's Pharmacy - Hamilton,905-381-4420,,1010 Upper Wentworth StHamilton  ONL9A 4V9,www.hauserspharmacy.com
Hauser's Pharmacy - St Catharines,905-685-3030,,Niagara Health System - St Catharines Site1200 Fourth AveSt Catharines  ONL2S 0A9,www.hauserspharmacy.com
HD Pharmacy,905-667-0291,,77 Hunter St E  Unit 75Hamilton  ONL8N 1M4,
Health-Wise Pharmacy,905-643-7676,info@healthwiseclinic.ca,15 Lockport Way  Unit 2Stoney Creek  ONL8E 0H8,www.healthwiseclinic.ca
Healthshare Medical Pharmacy,905-389-8080,,574 Upper James StHamilton  ONL9C 2Y6,
Henderson Arts Pharmacy,905-383-9370,,662 Concession StHamilton  ONL8V 1B8,
Hodgins Pharmacy,905-945-2206,,37 Main St EGrimsby  ONL3M 1M7,
Holy Family Pharmacy,905-315-8000,holyfamilypharmacy@gmail.com,2180 Itabashi Way  Unit B2Burlington  ONL7M 5A5,
Hope Pharmacy - Simcoe,226-400-9040,,80 Norfolk St SSimcoe  ONN3Y 2W2,
Hope Pharmacy - St Catharines,289-273-4561,,7 Welland AveSt Catharines  ONL2R 2L8,
IDA Pharmacy - Brantford (Hope Pharmacy),519-751-3700,,349 Colborne StBrantford  ONN3S 3N2,www.guardian-ida-pharmacies.ca/en/ontario/brantfor...
IDA Pharmacy - Burlington - 1505 Guelph Line (Burlington Heights),905-331-3338,burlingtonheights.ida@gmail.com,1505 Guelph Line  Unit 17Burlington  ONL7P 3B6,www.guardian-ida-pharmacies.ca/en/ontario/burlingt...
IDA Pharmacy - Burlington - 701 Guelph Line (Burlington Drug Mart),905-634-0770,,701 Guelph LineBurlington  ONL7R 3M7,www.guardian-ida-pharmacies.ca/en/ontario/burlingt...
IDA Pharmacy - Burlington - Appleby Line (St Mary Pharmacy),905-315-8008,st.maryida@gmail.com,1893 Appleby LineBurlington  ONL7L 0G5,www.guardian-ida-pharmacies.ca/en/ontario/burlingt...
IDA Pharmacy - Burlington - Brant St (Brant Arts IDA Dispensary),905-637-3833,consultations@brantarts.ca,Brant Arts Medical Building672 Brant StBurlington  ONL7R 2H3,www.brantarts.ca
IDA Pharmacy - Burlington - Maple Ave (Maple IDA Pharmacy),905-333-0031,,573 Maple Ave  Unit 1Burlington  ONL7S 2E8,www.guardian-ida-pharmacies.ca/en/ontario/burlingt...
IDA Pharmacy - Burlington - Mount Forest Dr (Mount Royal Pharmacy),905-332-8893,,2047 Mount Forest DrBurlington  ONL7P 1H4,www.guardian-ida-pharmacies.ca/en/ontario/burlingt...
IDA Pharmacy - Burlington - Thomas Alton Blvd (MedProHealth),905-336-0999,info@medprohealth.ca,4903 Thomas Alton Blvd  Unit 104Burlington  ONL7M 0W8,www.guardian-ida-pharmacies.ca/en/ontario/burlingt...
IDA Pharmacy - Burlington - Upper Middle Rd (Lotus Pharmacy),289-636-1433,info@lotuspharmacy.ca,4100 Upper Middle RdBurlington  ONL7M 4W8,www.lotuspharmacy.ca
IDA Pharmacy - Cayuga,905-772-3503,,18 Talbot St ECayuga  ONN0A 1E0,www.guardian-ida-pharmacies.ca/en/ontario/cayuga/c...
IDA Pharmacy - Delhi (Roulston's),519-582-1800,,123 King StDelhi  ONN4B 1X9,www.guardian-ida-pharmacies.ca/en/ontario/delhi/ro...
IDA Pharmacy - Dundas (Lee's Dundas Pharmacy),905-627-4584,leesdundas@gmail.com,58 King St EDundas  ONL9H 1B8,www.guardian-ida-pharmacies.ca/en/ontario/dundas/l...
IDA Pharmacy - Fonthill (Boggio),905-892-4994,fonthill@boggios.com,155 Hwy 20 WFonthill  ONL0S 1E0,www.boggios.com
IDA Pharmacy - Grimsby (Boggio),289-447-0134,grimsby@boggios.com,80 Main St WGrimsby  ONL3M 1R6,www.boggios.com
IDA Pharmacy - Hagersville (Cavanagh Apothecary),905-768-3391,,6 Main St S  PO Box 189Hagersville  ONN0A 1H0,www.guardian-ida-pharmacies.ca/en/ontario/hagersvi...
IDA Pharmacy - Hamilton - Barton St E (New Day Barton),289-799-2133,newdaybarton@gmail.com,664 Barton St EHamilton  ONL8L 3A4,www.guardian-ida-pharmacies.ca/en/ontario/hamilton...
IDA Pharmacy - Hamilton - Colbourne St (North End Farmacia),905-526-6464,,3 Colbourne StHamilton  ONL8R 2G2,www.guardian-ida-pharmacies.ca/en/ontario/hamilton...
IDA Pharmacy - Hamilton - Fennell Ave E (Samy's Mountain Pharmacy),905-383-2273,,550 Fennell Ave E  Unit 6BHamilton  ONL8V 4S9,www.guardian-ida-pharmacies.ca/en/ontario/hamilton...
IDA Pharmacy - Hamilton - James St N (City Centre),905-540-4432,,77 James St N  Unit 131Hamilton  ONL8R 2K3,www.guardian-ida-pharmacies.ca/en/ontario/hamilton...
IDA Pharmacy - Hamilton - John St S (John Drug Mart),905-526-0110,,225 John St SHamilton  ONL8N 2C7,www.guardian-ida-pharmacies.ca/en/ontario/hamilton...
IDA Pharmacy - Hamilton - Rymal Rd W (Village Pharmacy),905-385-1975,,393 Rymal Rd WHamilton  ONL9B 1V2,www.guardian-ida-pharmacies.ca/en/ontario/hamilton...
IDA Pharmacy - Hamilton - Upper Gage Ave (Gage Pharmacy),289-755-6000,gagepharmacy1@gmail.com,1050 Upper Gage Ave  Unit 8Hamilton  ONL8V 5B7,www.guardian-ida-pharmacies.ca/en/ontario/hamilton...
IDA Pharmacy - Hamilton - Upper James St (Hamilton Medical Pharmacy),905-387-5100,,Canada Trust Plaza836 Upper James St  Unit 114Hamilton  ONL9C 3A4,www.guardian-ida-pharmacies.ca/en/ontario/hamilton...
IDA Pharmacy - Jarvis (Cavanagh Pharmacy),519-587-4553,,2121 Main St NJarvis  ONN0A 1J0,www.guardian-ida-pharmacies.ca/en/ontario/jarvis/c...
IDA Pharmacy - Niagara Falls - Drummond Rd (Boggio and MacKinnon Pharmacy),905-354-1812,niagarafalls@boggios.com,6680 Drummond RdNiagara Falls  ONL2G 4P1,www.boggios.com
IDA Pharmacy - Niagara Falls - Main St (Niagara Pharmacy),289-296-2845,,3700 Main StNiagara Falls  ONL2G 6A8,www.guardian-ida-pharmacies.ca/en/ontario/niagara-...
IDA Pharmacy - Niagara Falls - Montrose Rd (Meadows Pharmacy),905-357-6577,montrose@meadowsida.com,Mount Carmel Centre3770 Montrose RdNiagara Falls  ONL2H 3K3,www.meadowsida.com
IDA Pharmacy - Niagara Falls - Thorold Stone Rd (Meadows Pharmacy),905-354-3023,,6161 Thorold Stone RdNiagara Falls  ONL2J 1A4,www.meadowsida.com
IDA Pharmacy - Port Colborne (Boggio),905-834-3514,port@boggios.com,200 Catharine StPort Colborne  ONL3K 4K8,www.boggios.com
IDA Pharmacy - Port Dover (Roulston's Pharmacy),519-583-2100,,414 Main StPort Dover  ONN0A 1N0,www.guardian-ida-pharmacies.ca/en/ontario/port-dov...
IDA Pharmacy - Ridgeway (Boggio and Edwards Pharmacy),905-894-2200,ridgeway@boggios.com,307 Ridge Rd NRidgeway  ONL0S 1N0,www.boggios.com
IDA Pharmacy - Simcoe - Donly Dr N (Roulston's Pharmacy),519-426-8011,,65 Donly Dr NSimcoe  ONN3Y 0C2,www.guardian-ida-pharmacies.ca/en/ontario/simcoe/r...
IDA Pharmacy - Simcoe - Norfolk St S (Roulston's Pharmacy),519-426-1731,,17 Norfolk St SSimcoe  ONN3Y 2V8,www.guardian-ida-pharmacies.ca/en/ontario/simcoe/r...
IDA Pharmacy - St Catharines - Bunting Rd (HealthMax Pharmacy),905-938-0001,,366 Bunting Rd  Unit 1St Catharines  ONL2M 7Z1,www.guardian-ida-pharmacies.ca/en/ontario/st-catha...
IDA Pharmacy - St Catharines - Martindale Rd,905-685-7117,,211 Martindale RdSt Catharines  ONL2N 3V7,www.guardian-ida-pharmacies.ca/en/ontario/st-catha...
IDA Pharmacy - St Catharines - Welland Ave (Mapleland Pharmacy),905-641-4440,,120 Welland Ave  Unit 10BSt Catharines  ONL2R 2N3,www.guardian-ida-pharmacies.ca/en/ontario/st-catha...
IDA Pharmacy - Vineland (Hopkins Pharmacy),905-562-4661,,3387 King StVineland  ONL0R 2C0,www.guardian-ida-pharmacies.ca/en/ontario/vineland...
IDA Pharmacy - Waterdown,905-689-0999,waterdownpharmacy@gmail.com,145 Hamilton St N  Unit 4/5Waterdown  ONL8B 1A8,www.guardian-ida-pharmacies.ca/en/ontario/waterdow...
Innomar Specialty Pharmacy - Burlington,905-681-8022,specialtypharmacy@innomar-strategies.com,3250 Harvester Rd  Unit 4Burlington  ONL7N 3W9,www.innomar-strategies.com/our-integrated-model/ph...
Integrity Pharmacy,519-751-0044,,233 Colborne St  Unit 401Brantford  ONN3T 2H4,
James Street Medical Pharmacy,905-572-6565,,206 James St SHamilton  ONL8P 3A9,
Jasmin Pharmacy,289-245-1215,,1900 Appleby Line  Unit 1Burlington  ONL7L 0B1,jasminpharmacymedical.ca
King Elm Pharmacy,905-662-3222,,49 King St EStoney Creek  ONL8G 1J9,
King Medical Pharmacy - Hamilton - King St W,905-523-8388,info@kingmedicalpharmacy.com,505 King St W  Unit 5Hamilton  ONL8P 1B9,www.kingmedicalpharmacy.com
King St Pharmacy,905-988-1286,,110 King StSt Catharines  ONL2R 3H8,
King Street Medical Pharmacy - Hamilton - King St E,905-544-9312,,987 King St EHamilton  ONL8M 1C6,
King Street Pharmacy,289-389-7693,kingstreetpharmacist@gmail.com,189 King St EHamilton  ONL8N 1B3,
Kingmount Pharmacy,905-664-2900,,34 King St EStoney Creek  ONL8G 1J8,
Kohler Drug Store,905-527-1716,pharmacy@kohlerdrugstore.com,574 James St N  Unit 2Hamilton  ONL8L 1J7,www.kohlerdrugstore.ca
Lakeside Health Pharmacy,289-649-0005,,825 North Service Rd  Unit 104BStoney Creek  ONL8E 0J7,www.lakesidehealthcentre.ca
Life Care Medical Pharmacy,905-545-1103,,280 Queenston RdHamilton  ONL8K 1H1,
LimeGarth Pharmacy,905-387-0020,,310 Limeridge Rd W  Unit 8AHamilton  ONL9C 2V2,www.limeridgehealthcentre.com
Linwell Medical Pharmacy,905-938-0147,,Linwell Medical Centre282 Linwell RdSt Catharines  ONL2N 6N5,
LiveWell Pharmacy,289-296-0900,livewellpharmacyniagara@gmail.com,3531 Portage RdNiagara Falls  ONL2J 2K5,
LSV Pharmacy,289-288-0600,lsvpharmacy@gmail.com,4057 New StBurlington  ONL7L 1S8,www.lsvpharmacy.com
Mahdieh's Pharmacy,905-735-3800,,95 Lincoln St  Unit 16Welland  ONL3C 7C3,mahdiehspharmacy.com
Main Health Pharmacy,289-396-4700,mainhealthpharmacy@gmail.com,460 Main St E  Unit 102Hamilton  ONL8N 1K4,www.mainhealthpharmacy.com
Main Medical Centre Pharmacy,905-546-1000,,554 Main St E  2nd FlHamilton  ONL8M 1J3,
Maple Mews Pharmacy,905-802-4832,,1235 Fairview St  Unit 11Burlington  ONL7S 2H9,
Matheson's Drug Store,905-835-0000,,427 Steele StPort Colborne  ONL3K 4Y2,
McKnight's Pharmacy,905-545-7474,mcknightspharmacy@gmail.com,685 Main St EHamilton  ONL8M 1K4,www.mcknightsdrugs.com
McMaster Health Campus Pharmacy,905-540-1613,,100 Main St W  Unit 1004AHamilton  ONL8P 1H6,www.mcmasterhealthcampuspharmacy.ca
MedCare Drug Mart - Niagara Square,289-292-0430,niagara@medcaredrugmart.com,7555 Montrose Rd  Unit E2Niagara Falls  ONL2H 2E9,www.medcaredrugmart.com
Medexpress Pharmacy,905-632-0707,medexpresspharm@gmail.com,809 Brant StBurlington  ONL7R 2J5,
Medical Pharmacy - Hamilton - Barton St E,905-527-2930,,597 Barton St EHamilton  ONL8L 2Z6,
Medical Pharmacy - Hamilton - Limeridge Rd E,289-755-0722,,1221 Limeridge Rd E  Unit 7CHamilton  ONL8W 1Y1,
Medical Pharmacy - St Catharines,905-682-9343,,318 Ontario St  Unit 5BSt Catharines  ONL2R 5L8,www.medicalpharmacies.com/about/locations
Medicine Place Pharmacy,905-664-7466,,360 Hwy 8Stoney Creek  ONL8G 1E8,
Medicine Shoppe (The) - Burlington,905-681-2290,ms0223@store.medicineshoppe.ca,433 Guelph LineBurlington  ONL7R 3L7,www.medicineshoppe.ca/en/ontario/burlington/the-me...
Medicine Shoppe (The) - Caledonia - Argyle St N,905-765-3332,ms0210@store.medicineshoppe.ca,55 Argyle St NCaledonia  ONN3W 1B8,www.medicineshoppe.ca/en/ontario/caledonia/the-med...
Medicine Shoppe (The) - Grimsby,905-309-9992,ms0256@store.medicineshoppe.ca,63 Main St WGrimsby  ONL3M 4H1,www.medicineshoppe.ca/en/ontario/grimsby/the-medic...
Medicine Shoppe (The) - St George,519-448-1368,ms0214@store.medicineshoppe.ca,75 Main St S  Unit ASt George  ONN0E 1N0,www.medicineshoppe.ca/en/ontario/saint-georges/the...
Medicine Shoppe (The) - Stoney Creek,905-662-5333,ms0299@store.medicineshoppe.ca,840 Queenston Rd  Unit 825Stoney Creek  ONL8G 4A8,www.medicineshoppe.ca/en/ontario/stoney-creek/the-...
Mediserve Pharmacy,905-577-6667,info@mediservepharmacy.com,591 King St EHamilton  ONL8N 1E4,www.mediservepharmacy.ca
Merritton Community Pharmacy,905-685-4777,,491 Merritt St  Unit 3St Catharines  ONL2P 1P2,
Metro Pharmacy - Brantford,519-758-0300,,371 St Paul AveBrantford  ONN3R 4N5,www.metro.ca/en/find-a-grocery/294
Metro Pharmacy - Burlington - Appleby Line,905-331-0060,,2010 Appleby LineBurlington  ONL7L 6M6,www.metro.ca/en/find-a-grocery/223
Metro Pharmacy - Hamilton - Barton St E (Metro Centre Mall),905-545-7796,,1161 Barton St EHamilton  ONL8H 2V4,www.metro.ca/en/find-a-grocery/264
Midtown Medical Pharmacy,905-577-4000,info@midtownpharmacy.ca,130 Wilson StHamilton  ONL8R 1E2,www.midtownpharmacy.ca
MobilRx Pharmacy,,info@mobilrx.com,4206 Governors RdLynden  ONL0R 1T0,
Mohawk Drug Mart,905-388-2004,,1000 Upper Gage Ave  Unit 2Hamilton  ONL8V 4R5,
Montebello Medical Pharmacy,905-684-2662,,118 Lake St  Unit 8St Catharines  ONL2R 5Y1,montebelloclinic.com
Montgomery Pharmacy,289-389-7773,montgomerypharmacy@gmail.com,1440 Main St EHamilton  ONL8K 6M3,www.montgomerypharmacy.ca
Nash Pharmacy - Hamilton - Queenston Rd,905-578-6274,,691 Queenston Rd  Unit BHamilton  ONL8G 1A1,
Pharmacy,905-381-9801,nebomedicalcentre@gmail.com,260 Nebo RdHamilton  ONL8W 3K5,www.primaryclinic.ca
Neighbourhood Pharmacy,905-935-2273,,532 Lake StSt Catharines  ONL2N 4H4,
Niagara Falls Centre Pharmacy,905-374-2050,,6453 Morrison StNiagara Falls  ONL2E 7H1,
Niagara Health Centre Pharmacy,905-684-1181,niagarahealthcentrepharmacy@gmail.com,180 Vine St SSt Catharines  ONL2R 7P3,www.niagarahealthcentrepharmacy.com
Niagara Street Pharmacy,905-735-1400,,545 Niagara StWelland  ONL3C 1L7,niagarastreetpharmacy.ca
Nofrills DRUGStore Pharmacy - Brantford - Colborne St E,519-752-6136,,603 Colborne St EBrantford  ONN3S 7S8,www.nofrills.ca/store-locator/details/3135
Nofrills DRUGStore Pharmacy - Fort Erie,905-994-8259,,1135 Thompson RdFort Erie  ONL2A 6A8,www.nofrills.ca/store-locator/details/1326
Northville Pharmacy,519-442-4283,northvillepharm@on.aibn.com,300 Grand River St NParis  ONN3L 3R7,www.northvillepharmacy.ca
Park Pharmacy,905-662-9336,,72 King St WStoney Creek  ONL8G 1H8,
Parkdale Medical Pharmacy,905-547-2611,,132 Parkdale Ave SHamilton  ONL8K 3P3,
Pathway Pharmacy,905-682-4480,,1338 Fourth AveSt Catharines  ONL2S 0G1,
Pharma Center,905-528-3333,,581 Main St EHamilton  ONL8M 1H9,
Pharma Viva Pharmacy - Thorold,905-680-7077,info@pharmacvivapharmacy.com,6 Clairmont StThorold  ONL2V 1R1,www.pharmavivapharmacy.com
Pharma-Star Medical Pharmacy,905-984-4111,,448 Welland Ave  Units 3-4St Catharines  ONL2M 7V3,www.pharmastar.ca
PharmaChoice - Brantford (Colborne),519-753-2121,pch620@pharmachoice.com,164 Colborne St W  Unit 2Brantford  ONN3T 1L2,www.pharmachoice.com/locations/colborne
PharmaChoice - Niagara Falls - Victoria Ave (Victoria Medical),905-354-1115,pch627@pharmachoice.com,4632 Victoria Ave  Unit 1Niagara Falls  ONL2E 4B7,www.pharmachoice.com/locations/victoria-medical
PharmaChoice - Pelham (Family Health Pharmacy),905-892-1888,familyhealthpelham@gmail.com,130 Hwy 20 E  Unit A6Fonthill  ONL0S 1E6,www.pharmachoice.com/locations/family-health-pelha...
PharmaChoice - St Catharines - Lakeshore Rd (Port Dalhousie),905-935-0002,pch729@pharmachoice.com,2 Lakeshore Rd  Unit 3St Catharines  ONL2N 7E3,www.pharmachoice.com/locations/port-dalhousie
PharmaChoice Pharmacy - Ancaster - Stone Church Rd W (People's),905-648-9884,pch619@pharmachoice.com,35 Stone Church Rd W  Unit 5Ancaster  ONL9K 1S4,www.pharmachoice.com/locations/peoples-ancaster
PharmaChoice Pharmacy - Ancaster - Wilson St E (Rastin's Pharmacy),905-648-6343,pch681@pharmachoice.com,323 Wilson St EAncaster  ONL9G 4A8,www.pharmachoice.com/locations/rastins-wilson-st
PharmaChoice Pharmacy - Hamilton - 30 Rymal Rd E (People's),905-574-8195,,30 Rymal Rd E  Unit 4Hamilton  ONL9B 1T7,www.pharmachoice.com/locations/peoples-hamilton
PharmaChoice Pharmacy - Hamilton - Barton St E (MedSmart Pharmacy),905-573-3555,medsmartpharmacy@yahoo.com,2732 Barton St E  Units 1 and 2Hamilton  ONL8E 4M6,www.pharmachoice.com/locations/medsmart
PharmaChoice Pharmacy - Hamilton - James St N (Marchese Health Care),905-528-4214,,316 James St NHamilton  ONL8L 1H2,www.marchesehealthcare.ca
PharmaChoice Pharmacy - Hamilton - Main St E (NL Gibson's Drugs),905-522-3547,,377 Main St EHamilton  ONL8N 1J4,www.pharmachoice.com/locations/n-l-gibsons-drugs
PharmaChoice Pharmacy - Niagara Falls - Ferry St (Niagara Urgent Care Pharmacy),289-296-3200,pch563@pharmachoice.com,5845 Ferry StNiagara Falls  ONL2G 1S8,www.pharmachoice.com/locations/niagara-urgent-care
PharmacyCorner,905-662-8666,,521 Hwy 8  Unit 5Stoney Creek  ONL8G 1G4,www.pharmacycorner.ca
Pharmasave - Beamsville - Hixon St (Beamsville Medical Pharmacy),905-563-1234,,4279 Hixon St  PO Box 115Beamsville  ONL0R 1B0,www.pharmasave.com/store/pharmasave-beamsville-med...
Pharmasave - Beamsville - Ontario St (Lincoln Medical Pharmacy),905-563-8808,,4413 Ontario St  Unit 102Beamsville  ONL0R 1B5,www.pharmasave.com/store/pharmasave-lincoln-medica...
Pharmasave - Brantford (Shellard Pharmacy),519-759-6464,,230 Shellard Lane  Unit 7Brantford  ONN3T 0B9,pharmasave.com/brantford-shellard/location
Pharmasave - Brantford (Smith Drug and Apothecary),519-752-2892,,794 Colborne St EBrantford  ONN3S 3S4,www.pharmasave.com/store/pharmasave-smith-drugs-ap...
Pharmasave - Burford (Burford Pharmacy),519-449-2446,,128 King StBurford  ONN0E 1A0,www.pharmasave.com/store/pharmasave-burford-pharma...
Pharmasave - Burlington - Brant St (Brant Plaza Pharmacy),905-333-4088,,561 Brant StBurlington  ONL7R 2G6,www.pharmasave.com/store/pharmasave-brant-plaza-ph...
Pharmasave - Burlington - Guelph Line (WinCare Pharmacy and Compounding Centre),905-332-2999,,2501 Guelph Line  Unit 1Burlington  ONL7M 2A3,www.pharmasave.com/store/pharmasave-wincare-pharma...
Pharmasave - Burlington - Harvester Rd,905-681-1900,,3305 Harvester Rd  Unit 105Burlington  ONL7N 3N2,www.pharmasave.com/store/pharmasave-21/
Pharmasave - Burlington - Plains Rd W,905-634-7007,plainsrdwestpharmacy@gmail.com,29 Plains Rd WBurlington  ONL7T 1E8,plainsrdwestpharmasave.business.site
Pharmasave - Burlington - Thomas Alton Blvd (Alton Village Pharmacy),905-315-9900,,4265 Thomas Alton BlvdBurlington  ONL7M 0M9,
Pharmasave - Burlington - Walkers Line (Walkers New Pharmacy and Compounding Center),905-333-5557,,495 Walkers LineBurlington  ONL7N 2E3,pharmasave.com/burlington-walkers/location
Pharmasave - Caledonia (Caledonia Medical Pharmacy),289-960-0732,,370 Argyle St SCaledonia  ONN3W 2N2,www.pharmasave.com/store/pharmasave-caledonia-medi...
Pharmasave - Delhi - 105 Main St (Community Health Centre),519-582-0006,,Delhi Community Health Centre105 Main St  Main FlDelhi  ONN4B 2L8,www.pharmasave.com/store/pharmasave-delhi-health-c...
Pharmasave - Delhi - 221 Main St,519-582-1530,,221 Main StDelhi  ONN4B 2M4,www.pharmasave.com/store/pharmasave-delhi
Pharmasave - Dundas (Dundas Valley Medical Pharmacy),905-628-8500,,105 King St W  Unit B  Main FlDundas  ONL9H 1V1,www.pharmasave.com/store/pharmasave-dundas-valley-...
Pharmasave - Dunnville (Grand River Pharmacy),905-229-2050,,Haldimand War Memorial Hospital334 Broad St WDunnville  ONN1A 1T1,www.pharmasave.com/store/pharmasave-grand-river-ph...
Pharmasave - Fort Erie (Mrs O's Pharmacy),905-994-0200,,118 Jarvis StFort Erie  ONL2A 2S4,www.pharmasave.com/store/pharmasave-mrs-os-pharmac...
Pharmasave - Fort Erie - Garrison Rd,289-320-9090,,1264 Garrison RdFort Erie  ONL2A 1P1,www.pharmasave.com/store/pharmasave-25
Pharmasave - Hagersville,905-768-1144,,30 Main St N  PO Box 850Hagersville  ONN0A 1H0,www.pharmasave.com/store/pharmasave-hagersville/
Pharmasave - Hamilton (West Harbour Pharmacy),905-529-7997,,554 John St NHamilton  ONL8L 4S1,www.pharmasave.com/store/pharmasave-west-harbour-p...
Pharmasave - Hamilton - 155 James St S (Prism's),905-527-5771,,155 James St SHamilton  ONL8P 3A4,www.pharmasave.com/store/pharmasave-prisms
Pharmasave - Hamilton - 179 James St S (Hamilton Medical Arts),905-522-1117,,179 James St SHamilton  ONL8P 3A3,www.pharmasave.com/store/pharmasave-hamilton-medic...
Pharmasave - Hamilton - Main St W (University Centre Pharmacy),905-540-3787,,1280 Main St WHamilton  ONL8S 4L8,www.pharmasave.com/store/pharmasave-university-cen...
Pharmasave - Hamilton - Queenston Rd (Queenston Place Pharmacy),289-389-9831,,640 Queenston RdHamilton  ONL8K 1K2,www.pharmasave.com/store/pharmasave-queenston-plac...
Pharmasave - Hamilton - Upper Ottawa St (Supercare Hamilton),905-385-1010,,1575 Upper Ottawa St  Unit A5Hamilton  ONL8W 3E2,pharmasave.com/hamilton-supercare/location
Pharmasave - Niagara Falls (MedPlus Pharmacy),905-228-5040,,8279 Lundy's LaneNiagara Falls  ONL2H 1H5,www.pharmasave.com/store/pharmasave-kalar-centre-p...
Pharmasave - Niagara Falls - Dorchester Rd (Morrison),289-296-7600,,4725 Dorchester Rd  Unit A5Niagara Falls  ONL2E 0A8,www.pharmasave.com/store/pharmasave-morrison-pharm...
Pharmasave - Niagara Falls - Stanley Ave (Hanna Pharmacy),289-341-0122,,5233 Stanley AveNiagara Falls  ONL2E 7C2,www.pharmasave.com/store/pharmasave-hanna-pharmacy
Pharmasave - Niagara-on-the-Lake (Simpson's Apothecary),905-468-8400,,233 King St  PO Box 1415Niagara-on-the-Lake  ONL0S 1J0,www.pharmasave.com/store/pharmasave-simpsons-apoth...
Pharmasave - Ohsweken,519-445-4515,,1769 Chiefswood RdOhsweken  ONN0A 1M0,www.pharmasave.com/store/pharmasave-ohsweken
Pharmasave - Simcoe - Cedar St (Clark's),519-428-4226,,381 Cedar StSimcoe  ONN3Y 2J2,www.pharmasave.com/store/pharmasave-clarks
Pharmasave - Simcoe - Norfolk St S (Clark's),519-426-6580,,454 Norfolk St SSimcoe  ONN3Y 2X3,www.pharmasave.com/store/pharmasave-clarks-2
Pharmasave - Simcoe - West St (Clark's Health Centre),519-426-7750,,216 West StSimcoe  ONN3Y 1S8,www.pharmasave.com/store/pharmasave-clarks-health-...
Pharmasave - Smithville (West Lincoln Pharmacy),905-957-5700,,239 St Catharines St  Unit 25Smithville  ONL0R 2A0,pharmasave.com/smithville/location
Pharmasave - St Catharines (Carlton Corners),289-479-5690,,574 Carlton StSt Catharines  ONL2M 4X9,www.pharmasave.com/store/pharmasave-carlton-buntin...
Pharmasave - St Catharines (Ontario St Pharmacy),905-687-7283,,318 Ontario StSt Catharines  ONL2R 5L8,pharmasave.com/st-catharines-ontario-street/locati...
Pharmasave - St Catharines (Port Health Pharmacy),905-646-3335,,101 Lakeport RdSt Catharines  ONL2N 7L7,www.pharmasave.com/store/pharmasave-port-health-ph...
Pharmasave - St Catharines (Port Weller Pharmacy),905-934-2023,,Cambridge Plaza260 Lakeshore RdSt Catharines  ONL2M 7R4,www.pharmasave.com/store/pharmasave-port-weller-ph...
Pharmasave - St Catharines - Carlton St (Carlton Heights Pharmacy),905-934-2222,,595 Carlton StSt Catharines  ONL2M 4Y2,www.pharmasave.com/store/pharmasave-carlton-height...
Pharmasave - St Catharines - Scott St (Grantham Pharmacy),905-934-3333,,400 Scott StSt Catharines  ONL2M 3W4,www.pharmasave.com/store/pharmasave-grantham-pharm...
Pharmasave - St Catharines - Welland Ave (Singar's Pharmacy),905-988-1919,singarspharmacy@gmail.com,164 Welland AveSt Catharines  ONL2R 2N6,www.singarspharmacy.com
Pharmasave - Stoney Creek - Hwy 8 (SuperCare Pharmacy),905-664-1922,,410 Hwy 8Stoney Creek  ONL8G 1G2,www.pharmasave.com/store/pharmasave-supercare-phar...
Pharmasave - Stoney Creek - Stone Church Rd E (Paramount),905-578-1111,,1795 Stone Church Rd E  Unit 5001Stoney Creek  ONL8J 0B4,www.pharmasave.com/store/pharmasave-paramount
Pharmasave - Thorold (Henderson's Pharmacy),905-227-2511,,15 Front St SThorold  ONL2V 1W8,www.pharmasave.com/store/pharmasave-hendersons
Pharmasave - Virgil (Simpson's Pharmacy),905-468-2121,,1882 Niagara Stone Rd  PO Box 329Virgil  ONL0S 1T0,www.pharmasave.com/store/pharmasave-simpsons-pharm...
Pharmasave - Waterdown (Waterdown Village Pharmacy),905-690-2882,,287 Dundas St E  Unit 4  PO Box 1341Waterdown  ONL0R 2H0,www.pharmasave.com/store/pharmasave-waterdown-vill...
Pharmashield Dispensary - Niagara Falls,905-356-8482,info@pharmashielddispensary.com,5400 Portage RdNiagara Falls  ONL2G 5X7,www.pharmashielddispensary.com
Plainsview Pharmacy,905-681-8881,plainsviewpharmacy665@gmail.com,665 Plains Rd EBurlington  ONL7T 2E8,www.plainsviewpharmacy.com
Pop Rx Ancaster Central Pharmacy,289-239-6900,,1015 Golf Links RdAncaster  ONL9K 1L6,
Port Medical Pharmacy,905-834-7678,,254 Killaly St W  Unit 9Port Colborne  ONL3K 6A6,
Portage Medical Pharmacy,905-356-6986,portagemedicalpharmacy@gmail.com,4383 Portage RdNiagara Falls  ONL2E 6A6,www.portagemedicalpharmacy.com
PTG Pharmacies - Hamilton - Queenston Rd (Queenston Pharmacy),905-578-0999,queenston@ptgpharmacy.com,631 Queenston RdHamilton  ONL8K 6R5,www.ptgpharmacy.com/Hamilton_Pharmacy_Ontario.html
PTG Pharmacies - Hamilton - Upper Wentworth St (Mountain Clinic Pharmacy),905-296-1000,mountainclinic@ptgpharmacy.com,880 Upper Wentworth St  Unit 5AHamilton  ONL9A 5H2,www.ptgpharmacy.com/Hamilton_Pharmacy_Ontario.html
PTG Pharmacies - Stoney Creek (Centennial Pharmacy),905-560-2000,centennial@ptgpharmacy.com,140 Centennial Pkwy N  Unit 2AStoney Creek  ONL8E 1H9,www.ptgpharmacy.com/Hamilton_Pharmacy_Ontario
Queen Lake Pharmacy,905-662-0096,queenlakepharmacy@gmail.com,910 Queenston RdStoney Creek  ONL8G 1B5,www.queenlakepharmacy.ca
Queen Street Pharmacy,905-354-5604,info@queenstreetpharmacy.com,4421 Queen StNiagara Falls  ONL2E 2L2,www.queenstreetpharmacy.com
Queen York Pharmacy,905-577-6868,,103 Queen St N  Unit 7Hamilton  ONL8R 2V5,
Queen's Medical Pharmacy,905-639-7797,,666 Appleby LineBurlington  ONL7L 5Y3,
Queen's Pharmacy,905-688-6363,,112 Queenston St  Unit M1St Catharines  ONL2R 2Z4,
Queenston Pharma Star Pharmacy,905-641-0707,queenstonpharmastar@bellnet.ca,145 Queenston St  Unit 104St Catharines  ONL2R 2Z9,
Real Canadian Superstore DRUGStore Pharmacy - Grimsby,905-309-5070,phr02806@loblaw.ca,361 South Service RdGrimsby  ONL3M 4E8,www.realcanadiansuperstore.ca/store-locator/detail...
Real Canadian Superstore DRUGStore Pharmacy - Simcoe,519-426-1032,,125 Queensway ESimcoe  ONN3Y 4M5,www.realcanadiansuperstore.ca/store-locator/detail...
Real Canadian Superstore DRUGStore Pharmacy - St Catharines - Louth St,905-984-4159,,411 Louth StSt Catharines  ONL2S 4A2,www.realcanadiansuperstore.ca//store-locator/St.+C...
Remedy'sRx Pharmacy - Brantford - 222 Fairview Dr,519-759-3784,,222 Fairview DrBrantford  ONN3R 2W9,www.remedys.ca/en/ontario/brantford/remedysrx-nort...
Remedy'sRx Pharmacy - Brantford - 403 Fairview Dr (Fairview Pharmacy),519-756-3333,,403 Fairview DrBrantford  ONN3R 6T2,www.remedys.ca/en/ontario/brantford/fairview-pharm...
Remedy'sRx Pharmacy - Brantford - Eagle Ave (Eagle Place Apothecary),519-770-0505,,78 Eagle AveBrantford  ONN3S 1Z3,www.remedys.ca/en/ontario/brantford/eagle-place-ap...
Remedy'sRx Pharmacy - Burlington - Guelph Line (Progressive Pharmacy),289-245-1616,progressivepharmacyrx@gmail.com,678 Guelph Line  Unit 3Burlington  ONL7R 3M8,www.progressivepharmacy.ca
Remedy'sRx Pharmacy - Burlington - Lakeshore Rd (Elizabeth St Pharmacy),905-681-3784,,2079 Lakeshore RdBurlington  ONL7R 1E2,www.remedys.ca/en/ontario/burlington/elizabeth-str...
Remedy'sRx Pharmacy - Burlington - Plains Rd W (Aldershot Village Pharmacy),905-635-6225,,18 Plains Rd W  Unit 2Burlington  ONL7T 0B3,www.remedys.ca/en/ontario/burlington/aldershot-vil...
Remedy'sRx Pharmacy - Fort Erie (Garrison Square),905-994-0990,,660 Garrison Rd  Unit 7Fort Erie  ONL2A 6E2,www.remedys.ca/en/ontario/fort-erie/garrison-squar...
Remedy'sRx Pharmacy - Hamilton - 1079 Barton St E (Healthcare Plus Pharmacy),905-547-8813,,1079 Barton St EHamilton  ONL8L 3E2,www.remedys.ca/en/ontario/hamilton/healthcare-plus...
Remedy'sRx Pharmacy - Hamilton - 276 Barton St E (C and DC Pharmacy),905-522-5777,,276 Barton St EHamilton  ONL8L 2X3,www.remedys.ca/en/ontario/hamilton/cdc-pharmacy-70...
Remedy'sRx Pharmacy - Hamilton - 908 Garth St (Healthcare Plus Pharmacy),905-389-1339,,908 Garth StHamilton  ONL9C 4L2,www.remedys.ca/en/ontario/hamilton/healthcare-plus...
Remedy'sRx Pharmacy - Niagara Falls - Lundy's Lane (Orchard Grove Pharmacy),905-354-8000,,8123 Lundy's LaneNiagara Falls  ONL2H 1H3,www.remedys.ca/en/ontario/niagara-falls/orchard-gr...
Remedy'sRx Pharmacy - St Catharines - Carlton St,289-362-6026,,359 Carlton St  Unit 6St Catharines  ONL2N 1C2,www.remedys.ca/en/ontario/st-catherines/carlton-me...
Remedy'sRx Pharmacy - St Catharines - Lakeshore Rd (Samson's),905-938-9998,,33 Lakeshore Rd  Unit 28St Catharines  ONL2N 7B3,www.remedys.ca/en/ontario/st-catharines/samsons-re...
Remedy'sRx Pharmacy - St Catharines - Niagara St,905-682-5210,,140 Niagara St  Unit 106St Catharines  ONL2R 4L4,www.remedys.ca/en/ontario/st-catharines/niagara-st...
Remedy'sRx Pharmacy - Stoney Creek - Centennial Pkwy S (Healthcare Plus),905-664-4005,remedys.sc@gmail.com,68 Centennial Pkwy S  Unit 103Stoney Creek  ONL8G 2C5,www.remedys.ca/en/ontario/stoney-creek/healthcare-...
Remedy'sRx Pharmacy - Stoney Creek - Upper Centennial Pkwy (Southmount Pharmacy),905-662-3214,,35 Upper Centennial PkwyStoney Creek  ONL8J 3W2,www.remedys.ca/en/ontario/stoney-creek/southmount-...
Remedy'sRx Pharmacy - Welland - Lincoln St (Lincoln Centre),905-788-2700,,390 Lincoln StWelland  ONL3B 4N4,www.remedys.ca/en/ontario/welland/lincoln-centre-r...
Remedy'sRx Pharmacy - Welland - Ontario Rd (Welland Medical Pharmacy),905-714-9009,,595 Ontario RdWelland  ONL3B 0B3,www.remedys.ca/en/ontario/welland/welland-medical-...
Resident Care Pharmacy,905-639-6447,,5040 Mainway  Unit 1Burlington  ONL7L 5Z1,www.residentcare.ca
Rest Acres Pharmacy,519-442-7474,,1084 Rest Acres RdParis  ONN3L 0B5,www.restacrespharmacy.com
Rexall Home Health Care - Welland - Pharmacy,905-732-1663,8212rx@rexall.ca,325 Thorold Rd WWelland  ONL3C 3W4,www.rexall.ca/storelocator/store/8212
Rexall Pharma Plus - Brantford - St Paul Ave (Bartle's),519-756-6363,8203rx@rexall.ca,260 St Paul AveBrantford  ONN3R 4M7,www.rexall.ca/storelocator/store/8203
Rexall Pharma Plus - Brantford - Wayne Gretzky Pkwy,519-759-3355,8214rx@rexall.ca,St Joseph's Lifecare Centre99 Wayne Gretzky Pkwy  Unit 117Brantford  ONN3S 6T6,www.rexall.ca/storelocator/store/8214
Rexall Pharma Plus - Burlington - Brant St (Upper Brant),905-335-3255,1040rx@rexall.ca,Upper Brant Plaza2201 Brant StBurlington  ONL7P 3N8,www.rexall.ca/storelocator/store/1040
Rexall Pharma Plus - Burlington - Guelph Line (Burlington Centre),905-335-2933,2410rx@rexall.ca,2400 Guelph LineBurlington  ONL7P 4M7,www.rexall.ca/storelocator/store/2410
Rexall Pharma Plus - Caledonia,905-765-4082,2188rx@rexall.ca,351 Argyle St SCaledonia  ONN3W 1K7,www.rexall.ca/storelocator/store/2188/?vendor_loca...
Rexall Pharma Plus - Hamilton - King St W (Lloyd D Jackson Square),905-529-0333,1404rx@rexall.ca,Lloyd D Jackson Square2 King St W  Unit 18Hamilton  ONL8P 1A1,www.rexall.ca/storelocator/store/1404
Rexall Pharma Plus - Hamilton - Main St E,905-522-5447,1123rx@rexall.ca,447 Main St EHamilton  ONL8N 1K1,www.rexall.ca/storelocator/store/1123
Rexall Pharma Plus - Hamilton - Mohawk Rd W,905-389-6211,1743rx@rexall.ca,640 Mohawk Rd W  Unit 21Hamilton  ONL9C 1X6,www.rexall.ca/storelocator/store/1743
Rexall Pharma Plus - Paris,519-442-5602,1750rx@rexall.ca,72 Grand River St NParis  ONN3L 2M2,www.rexall.ca/storelocator/store/1750/?vendor_loca...
Rexall Pharma Plus - Waterford,519-443-8333,1826rx@rexall.ca,792 Old Hwy 24Waterford  ONN0E 1Y0,www.rexall.ca/storelocator/store/1826/?vendor_loca...
Rexall Pharmacy - Ancaster,905-648-4479,8207rx@rexall.ca,370 Wilson St EAncaster  ONL9G 4S4,www.rexall.ca/storelocator/store/8207
Rexall Pharmacy - Burlington - New St (Appleby Mall),905-637-2331,2089rx@rexall.ca,5061 New StBurlington  ONL7L 1V2,www.rexall.ca/storelocator/store/2089
Rexall Pharmacy - Dundas (Hatt/Memorial Dundas),905-627-2909,0201rx@rexall.ca,60 Hatt StDundas  ONL9H 7T6,www.rexall.ca/storelocator/store/201
Rexall Pharmacy - Dunnville,905-774-6222,8209rx@rexall.ca,155 Lock St EDunnville  ONN1A 1J6,www.rexall.ca/storelocator/store/8209/?vendor_loca...
Rexall Pharmacy - Fort Erie,905-994-9000,1651rx@rexall.ca,310 Garrison Rd  Suite CFort Erie  ONL2A 1M7,www.rexall.ca/storelocator/store/1651/?vendor_loca...
Rexall Pharmacy - Hamilton - Dundurn St,905-522-9578,8204rx@rexall.ca,331 Dundurn StHamilton  ONL8P 4L5,www.rexall.ca/storelocator/store/8204
Rexall Pharmacy - Hamilton - Fennell Ave,905-383-3386,8205rx@rexall.ca,1119 Fennell AveHamilton  ONL8T 1S2,www.rexall.ca/storelocator/store/8205
Rexall Pharmacy - Hamilton - Parkdale Ave N,905-547-2174,8210rx@rexall.ca,234 Parkdale Ave NHamilton  ONL8H 5X5,www.rexall.ca/storelocator/store/8210
Rexall Pharmacy - Hamilton - Queenston Rd,905-547-4168,6946rx@rexall.ca,126 Queenston RdHamilton  ONL8K 1G4,www.rexall.ca/storelocator/store/6946
Rexall Pharmacy - Hamilton - Rymal Rd E,905-387-7878,0203rx@rexall.ca,505 Rymal Rd EHamilton  ONL8W 3X1,www.rexall.ca/storelocator/store/203
Rexall Pharmacy - Hamilton - Upper James St,905-388-3410,8211rx@rexall.ca,730 Upper James StHamilton  ONL9C 2Z9,www.rexall.ca/storelocator/store/8211
Rexall Pharmacy - Hamilton - Upper Ottawa St,905-383-5999,0204rx@rexall.ca,1395 Upper Ottawa StHamilton  ONL8W 3K8,www.rexall.ca/storelocator/store/204
Rexall Pharmacy - Hamilton - Upper Paradise Rd,905-318-5383,0202rx@rexall.ca,930 Upper Paradise Rd  Unit 13Hamilton  ONL9B 2N1,www.rexall.ca/storelocator/store/202
Rexall Pharmacy - Hamilton - Upper Sherman Ave,905-385-3218,8202rx@rexall.ca,517 Upper Sherman AveHamilton  ONL8V 3L7,www.rexall.ca/storelocator/store/8202
Rexall Pharmacy - Niagara Falls,905-354-3314,1800rx@rexall.ca,6484 Lundy's LaneNiagara Falls  ONL2G 1T6,www.rexall.ca/storelocator/store/1800/?vendor_loca...
Rexall Pharmacy - St Catharines - Queenston St,905-641-0101,8201rx@rexall.ca,111 Queenston StSt Catharines  ONL2R 2Z5,www.rexall.ca/storelocator/store/8201
Rexall Pharmacy - Thorold,905-227-0707,2451rx@rexall.ca,Pine Plaza9 Pine St N  Unit 1AThorold  ONL2V 3Z9,www.rexall.ca/storelocator/store/2451
Rexall Pharmacy - Welland - Fitch St,905-732-2231,1610rx@rexall.ca,Bldg E200 Fitch StWelland  ONL3C 4V9,www.rexall.ca/storelocator/store/1610/?vendor_loca...
Rexall Pharmacy - Welland - King St,905-732-9611,6923rx@rexall.ca,399 King StWelland  ONL3B 3K4,www.rexall.ca/storelocator/store/6923
Rexall Pharmacy - Welland - Thorold Rd W,905-732-1663,8212rx@rexall.ca,325 Thorold Rd WWelland  ONL3C 3W4,www.rexall.ca/storelocator/store/8212
Rexall Pharmacy and Home Healthcare - Beamsville,905-563-7122,0422rx@rexall.ca,4486 Ontario StBeamsville  ONL0R 1B5,www.rexall.ca/storelocator/store/422/?vendor_locat...
Right Care Pharmacy,905-628-3337,,Castlewood Plaza2 Castlewood Blvd  Unit 7Dundas  ONL9H 7M8,
Riverview Pharmacy,905-527-9138,info@riverviewpharmacy.ca,303 King St EHamilton  ONL8N 1C1,riverviewpharmacy.ca
Rose City Pharmacy,905-735-7505,,188 East Main StWelland  ONL3B 3W8,
Rymal Gage Pharmacy,905-383-1000,rymalgagepharmacy@gmail.com,905 Rymal Rd E  Unit 150Hamilton  ONL8W 3M2,rymal-gage-pharmacy.business.site/?utm_source=gmb&...
Sam's Pharmacy - St Catharines - Fourth Ave,905-685-6662,,111 Fourth Ave  Unit 19St Catharines  ONL2S 3P6,www.samspharmacy.ca
Sam's Pharmacy - St Catharines - Geneva St,905-646-2225,,284 Geneva St  Unit 5St Catharines  ONL2N 2E8,www.samspharmacy.ca
Samy's Drug Mart,289-769-8031,samydrugmart@gmail.com,847 Barton St EHamilton  ONL8L 3B4,www.samysdrugmart.ca/pharmacy
Shoppers Drug Mart - Ancaster - Golf Links Rd (Meadowlands),905-304-0097,asdm698@shoppersdrugmart.ca,1000 Golf Links RdAncaster  ONL9G 3K9,www1.shoppersdrugmart.ca/en/Store-Locator/store/69...
Shoppers Drug Mart - Ancaster - Wilson St W (Glaeser),905-648-4493,asdm1044@shoppersdrugmart.ca,Ancaster Shopping Plaza47 Wilson St WAncaster  ONL9G 1N1,www1.shoppersdrugmart.ca/en/Store-Locator/store/10...
Shoppers Drug Mart - Beamsville,905-563-7974,asdm1256@shoppersdrugmart.ca,5005 Serena DrBeamsville  ONL0R 1B0,www1.shoppersdrugmart.ca/en/store-locator/store/12...
Shoppers Drug Mart - Binbrook,905-692-0234,asdm1487@shoppersdrugmart.ca,3027 Binbrook Rd W  Bldg BBinbrook  ONL0R 1C0,www1.shoppersdrugmart.ca/en/Store-Locator/store/14...
Shoppers Drug Mart - Brantford - Colborne St W,519-759-8133,asdm1152@shoppersdrugmart.ca,320 Colborne St WBrantford  ONN3T 1M2,www1.shoppersdrugmart.ca/en/store-locator/store/11...
Shoppers Drug Mart - Brantford - Fairview Dr,519-756-8680,asdm685@shoppersdrugmart.ca,225 Fairview Dr  Unit 1ABrantford  ONN3R 7E3,www1.shoppersdrugmart.ca/en/store-locator/store/68...
Shoppers Drug Mart - Brantford - King George Rd,519-753-8411,asdm1158@shoppersdrugmart.ca,185 King George Rd  Unit 1Brantford  ONN3R 7R9,www1.shoppersdrugmart.ca/en/store-locator/store/11...
Shoppers Drug Mart - Brantford - Lynden Rd,519-752-5443,asdm722@shoppersdrugmart.ca,Lynden Park Mall84 Lynden RdBrantford  ONN3R 6B8,www1.shoppersdrugmart.ca/en/store-locator/store/72...
Shoppers Drug Mart - Brantford - Stanley St,519-757-1900,asdm1140@shoppersdrugmart.ca,10 Stanley St  Unit 6Brantford  ONN3S 7N4,www1.shoppersdrugmart.ca/en/store-locator/store/11...
Shoppers Drug Mart - Brantford - West St,519-753-9091,asdm1155@shoppersdrugmart.ca,269 Clarence StBrantford  ONN3R 3T6,www1.shoppersdrugmart.ca/en/store-locator/store/11...
Shoppers Drug Mart - Burlington - 2080 Appleby Line (Millcroft Shopping Centre),905-332-8787,asdm726@shoppersdrugmart.ca,2080 Appleby LineBurlington  ONL7L 6M6,www1.shoppersdrugmart.ca/en/Store-Locator/store/72...
Shoppers Drug Mart - Burlington - 3023 New St (Roseland Plaza),905-632-4477,asdm739@shoppersdrugmart.ca,Roseland Plaza3023 New StBurlington  ONL7R 1K3,www1.shoppersdrugmart.ca/en/Store-Locator/store/73...
Shoppers Drug Mart - Burlington - 3035 Appleby Line (Dundas and Appleby),905-335-1668,asdm1493@shoppersdrugmart.ca,3035 Appleby LineBurlington  ONL7M 0V7,www1.shoppersdrugmart.ca/en/Store-Locator/store/14...
Shoppers Drug Mart - Burlington - 3051 Walkers Line (Dundas and Walkers Line),905-331-1025,asdm1012@shoppersdrugmart.ca,3051 Walkers LineBurlington  ONL7M 0W3,www1.shoppersdrugmart.ca/en/Store-Locator/store/10...
Shoppers Drug Mart - Burlington - 4524 New St (Appleby),905-639-2682,asdm1055@shoppersdrugmart.ca,4524 New StBurlington  ONL7L 2X8,www1.shoppersdrugmart.ca/en/Store-Locator/store/10...
Shoppers Drug Mart - Burlington - Brant St (Brant and Upper Middle),905-336-7282,asdm1218@shoppersdrugmart.ca,2211 Brant StBurlington  ONL7P 0A1,www1.shoppersdrugmart.ca/en/Store-Locator/store/12...
Shoppers Drug Mart - Burlington - Guelph Line (Burlington Mall),905-632-6666,asdm740@shoppersdrugmart.ca,777 Guelph Line  Unit D1Burlington  ONL7R 3N2,www1.shoppersdrugmart.ca/en/Store-Locator/store/74...
Shoppers Drug Mart - Burlington - Headon Rd (Headon Plaza),905-331-6502,asdm1206@shoppersdrugmart.ca,1450 Headon RdBurlington  ONL7M 3Z5,www1.shoppersdrugmart.ca/en/Store-Locator/store/12...
Shoppers Drug Mart - Burlington - Lakeshore Rd E (Lakeside Village),905-637-5681,asdm683@shoppersdrugmart.ca,5353 Lakeshore Rd EBurlington  ONL7L 1C8,www1.shoppersdrugmart.ca/en/Store-Locator/store/68...
Shoppers Drug Mart - Burlington - Maple Ave (Mapleview Centre),905-681-1277,asdm747@shoppersdrugmart.ca,900 Maple Ave  Unit A6ABurlington  ONL7S 2J8,www1.shoppersdrugmart.ca/en/Store-Locator/store/74...
Shoppers Drug Mart - Burlington - Plains Rd E,905-632-3365,asdm1042@shoppersdrugmart.ca,503 Plains Rd EBurlington  ONL7T 2E2,www1.shoppersdrugmart.ca/en/Store-Locator/store/10...
Shoppers Drug Mart - Burlington - Upper Middle Rd (Walker Place Shopping Centre),905-319-3333,asdm1484@shoppersdrugmart.ca,3505 Upper Middle RdBurlington  ONL7M 4C6,www1.shoppersdrugmart.ca/en/Store-Locator/store/14...
Shoppers Drug Mart - Caledonia,905-765-5055,asdm1383@shoppersdrugmart.ca,221 Argyle St SCaledonia  ONN3W 1K7,www1.shoppersdrugmart.ca/en/store-locator/store/13...
Shoppers Drug Mart - Dundas - King St W (Ralph),905-628-6121,asdm1056@shoppersdrugmart.ca,133 King St WDundas  ONL9H 1V3,www1.shoppersdrugmart.ca/en/Store-Locator/store/10...
Shoppers Drug Mart - Dundas - Osler Dr (University Plaza),905-628-2251,asdm742@shoppersdrugmart.ca,University Plaza101 Osler Dr  Unit 102Dundas  ONL9H 4H4,www1.shoppersdrugmart.ca/en/Store-Locator/store/74...
Shoppers Drug Mart - Fonthill,905-892-5791,asdm1191@shoppersdrugmart.ca,20 Hwy 20 EFonthill  ONL0S 1E0,www1.shoppersdrugmart.ca/en/store-locator/store/11...
Shoppers Drug Mart - Fort Erie,905-871-2226,asdm783@shoppersdrugmart.ca,Bldg G450 Garrison RdFort Erie  ONL2A 1N2,www1.shoppersdrugmart.ca/en/store-locator/store/78...
Shoppers Drug Mart - Grimsby - Main St E,905-945-5422,asdm794@shoppersdrugmart.ca,150 Main St EGrimsby  ONL3M 1P1,www1.shoppersdrugmart.ca/en/store-locator/store/79...
Shoppers Drug Mart - Grimsby - St Andrews Ave (Grimsby Square Plaza),905-945-9775,asdm798@shoppersdrugmart.ca,42 St Andrews Ave  Unit 1Grimsby  ONL3M 3S2,www1.shoppersdrugmart.ca/en/store-locator/store/79...
Shoppers Drug Mart - Hamilton - 1341 Main St W (Main and Emerson),905-525-9003,asdm1460@shoppersdrugmart.ca,1341 Main St WHamilton  ONL8S 1C6,www1.shoppersdrugmart.ca/en/Store-Locator/store/14...
Shoppers Drug Mart - Hamilton - 1599 Upper James St (Upper James and Rymal),905-387-3333,asdm975@shoppersdrugmart.ca,1599 Upper James StHamilton  ONL9B 0H7,www1.shoppersdrugmart.ca/en/Store-Locator/store/97...
Shoppers Drug Mart - Hamilton - 181 Main St W (Hess Tower),905-528-8765,asdm1547@shoppersdrugmart.ca,Main and Hess Towers181 Main St WHamilton  ONL8P 4S1,www1.shoppersdrugmart.ca/en/Store-Locator/store/15...
Shoppers Drug Mart - Hamilton - 1900 King St E (Russell),905-545-8402,asdm1052@shoppersdrugmart.ca,1900 King St EHamilton  ONL8K 1W1,www1.shoppersdrugmart.ca/en/Store-Locator/store/10...
Shoppers Drug Mart - Hamilton - 210 Mohawk Rd E (Upper Wellington and Mohawk),905-387-4040,asdm691@shoppersdrugmart.ca,210 Mohawk Rd E  Unit 1Hamilton  ONL9A 2H6,www1.shoppersdrugmart.ca/en/Store-Locator/store/69...
Shoppers Drug Mart - Hamilton - 620 King St W,905-522-0207,asdm1458@shoppersdrugmart.ca,620 King St WHamilton  ONL8P 1C2,www1.shoppersdrugmart.ca/en/Store-Locator/store/14...
Shoppers Drug Mart - Hamilton - 661 Upper James St (Mountain Plaza),905-385-3269,asdm752@shoppersdrugmart.ca,Mountain Plaza Mall661 Upper James StHamilton  ONL9C 5R8,www1.shoppersdrugmart.ca/en/Store-Locator/store/75...
Shoppers Drug Mart - Hamilton - 753 Main St E (Parke and Parke),905-544-1153,asdm1041@shoppersdrugmart.ca,753 Main St EHamilton  ONL8M 1L2,www1.shoppersdrugmart.ca/en/Store-Locator/store/10...
Shoppers Drug Mart - Hamilton - 801 Mohawk Rd W (Harvard Square Plaza),905-388-9191,asdm754@shoppersdrugmart.ca,Harvard Square Plaza801 Mohawk Rd WHamilton  ONL9C 6C2,www1.shoppersdrugmart.ca/en/Store-Locator/store/75...
Shoppers Drug Mart - Hamilton - 902 Mohawk Rd E (Upper Ottawa and Mohawk),905-387-2300,asdm1049@shoppersdrugmart.ca,902 Mohawk Rd EHamilton  ONL8T 2R8,www1.shoppersdrugmart.ca/en/Store-Locator/store/10...
Shoppers Drug Mart - Hamilton - 991 King St W (Westdale),905-525-7772,asdm1046@shoppersdrugmart.ca,991 King St WHamilton  ONL8S 1K9,www1.shoppersdrugmart.ca/en/Store-Locator/store/10...
Shoppers Drug Mart - Hamilton - Barton St E (The Centre Mall),905-549-2408,asdm750@shoppersdrugmart.ca,1183 Barton St EHamilton  ONL8H 2V4,www1.shoppersdrugmart.ca/en/Store-Locator/store/75...
Shoppers Drug Mart - Hamilton - Cannon St E (Cannon and Wellington),905-522-5707,asdm1053@shoppersdrugmart.ca,232 Cannon St EHamilton  ONL8L 0A9,www1.shoppersdrugmart.ca/en/Store-Locator/store/10...
Shoppers Drug Mart - Hamilton - Centennial Pkwy N (Eastgate Square),905-560-4800,asdm755@shoppersdrugmart.ca,75 Centennial Pkwy NHamilton  ONL8E 2P2,www1.shoppersdrugmart.ca/en/Store-Locator/store/75...
Shoppers Drug Mart - Hamilton - Concession St (Concession and Upper Wentworth),905-387-8656,asdm1319@shoppersdrugmart.ca,510 Concession StHamilton  ONL9A 1C4,www1.shoppersdrugmart.ca/en/Store-Locator/store/13...
Shoppers Drug Mart - Hamilton - Fennell Ave E (Fennell Square),905-385-5356,asdm1043@shoppersdrugmart.ca,963 Fennell Ave EHamilton  ONL8T 1R1,www1.shoppersdrugmart.ca/en/Store-Locator/store/10...
Shoppers Drug Mart - Hamilton - Garth St,905-387-2211,asdm1045@shoppersdrugmart.ca,1300 Garth StHamilton  ONL9C 4L7,www1.shoppersdrugmart.ca/en/Store-Locator/store/10...
Shoppers Drug Mart - Hamilton - Greenhill Ave (Mount Albion Plaza),905-560-4663,asdm692@shoppersdrugmart.ca,399 Greenhill AveHamilton  ONL8K 6N5,www1.shoppersdrugmart.ca/en/Store-Locator/store/69...
Shoppers Drug Mart - Hamilton - Herkimer St (Mcauley),905-527-2133,asdm1047@shoppersdrugmart.ca,113 Herkimer StHamilton  ONL8P 2G8,www1.shoppersdrugmart.ca/en/Store-Locator/store/10...
Shoppers Drug Mart - Hamilton - Upper Sherman Ave (Upper Sherman and Stone Church),905-318-2636,asdm1299@shoppersdrugmart.ca,1411 Upper Sherman AveHamilton  ONL8W 1C4,www1.shoppersdrugmart.ca/en/Store-Locator/store/12...
Shoppers Drug Mart - Hamilton - Upper Wentworth St (Limeridge Mall),905-388-8450,asdm756@shoppersdrugmart.ca,Lime Ridge Mall999 Upper Wentworth St  Unit 0131Hamilton  ONL9A 4X5,www1.shoppersdrugmart.ca/en/store-locator/store/75...
Shoppers Drug Mart - Hannon - Rymal Rd E,905-692-1214,asdm1233@shoppersdrugmart.ca,SmartCentres Hamilton South East2110 Rymal Rd EHannon  ONL0R 1P0,www1.shoppersdrugmart.ca/en/store-locator/store/12...
Shoppers Drug Mart - Niagara Falls - Lundy's Lane,905-354-3845,asdm799@shoppersdrugmart.ca,6565 Lundy's LaneNiagara Falls  ONL2G 1V1,www1.shoppersdrugmart.ca/en/store-locator/store/79...
Shoppers Drug Mart - Niagara Falls - Montrose Rd,905-357-1100,asdm782@shoppersdrugmart.ca,5125 Montrose RdNiagara Falls  ONL2H 1K7,www1.shoppersdrugmart.ca/en/store-locator/store/78...
Shoppers Drug Mart - Niagara Falls - Portage Rd (Town and Country Mall),905-354-6511,asdm781@shoppersdrugmart.ca,3701 Portage Rd  Unit 1Niagara Falls  ONL2J 2K8,stores.shoppersdrugmart.ca/en/store/781/pharmacy
Shoppers Drug Mart - Niagara Falls - Victoria Ave (Victoria Plaza),905-356-5096,asdm1411@shoppersdrugmart.ca,5175 Victoria Ave  Unit 1Niagara Falls  ONL2E 4E4,www1.shoppersdrugmart.ca/en/store-locator/store/14...
Shoppers Drug Mart - Niagara-on-the-Lake,905-468-0332,asdm715@shoppersdrugmart.ca,111B Garrison Village DrNiagara-on-the-Lake  ONL0S 1J0,www1.shoppersdrugmart.ca/en/store-locator/store/71...
Shoppers Drug Mart - Port Colborne,905-834-4046,asdm788@shoppersdrugmart.ca,77 Clarence StPort Colborne  ONL3K 3G2,www1.shoppersdrugmart.ca/en/store-locator/store/78...
Shoppers Drug Mart - Simcoe,519-429-3110,asdm1159@shoppersdrugmart.ca,470 Norfolk St NSimcoe  ONN3Y 3P7,www1.shoppersdrugmart.ca/en/store-locator/store/11...
Shoppers Drug Mart - St Catharines - Bunting Rd,905-688-6733,asdm792@shoppersdrugmart.ca,286 Bunting Rd  Unit 22St Catharines  ONL2M 7S5,www1.shoppersdrugmart.ca/en/store-locator/store/79...
Shoppers Drug Mart - St Catharines - Carlton St,905-688-2132,asdm784@shoppersdrugmart.ca,Lake and Carlton Shopping Plaza125 Carlton St  Unit 8ASt Catharines  ONL2R 1R5,www1.shoppersdrugmart.ca/en/store-locator/store/78...
Shoppers Drug Mart - St Catharines - Fourth Ave,905-641-2244,asdm1186@shoppersdrugmart.ca,Bldg E275 Fourth AveSt Catharines  ONL2S 0C2,www1.shoppersdrugmart.ca/en/store-locator/store/11...
Shoppers Drug Mart - St Catharines - Glendale Ave,905-641-8855,asdm509@shoppersdrugmart.ca,Pen Centre221 Glendale AveSt Catharines  ONL2T 2K9,www1.shoppersdrugmart.ca/en/store-locator/store/50...
Shoppers Drug Mart - St Catharines - Grantham Rd (Linwell),905-937-5050,asdm1190@shoppersdrugmart.ca,500 Grantham Ave  Suite 486St Catharines  ONL2M 3J7,www1.shoppersdrugmart.ca/en/store-locator/store/11...
Shoppers Drug Mart - St Catharines - Hartzel Rd,905-641-1011,asdm1188@shoppersdrugmart.ca,181 Hartzel RdSt Catharines  ONL2P 1N6,www1.shoppersdrugmart.ca/en/store-locator/store/11...
Shoppers Drug Mart - St Catharines - Lakeshore Rd (Northend Plaza),905-934-5545,asdm686@shoppersdrugmart.ca,105 Lakeshore RdSt Catharines  ONL2N 2T6,www1.shoppersdrugmart.ca/en/store-locator/store/68...
Shoppers Drug Mart - St Catharines - Ontario St (Port Plaza),905-937-3532,asdm797@shoppersdrugmart.ca,600 Ontario StSt Catharines  ONL2N 7H8,www1.shoppersdrugmart.ca/en/store-locator/store/79...
Shoppers Drug Mart - St Catharines - Pelham Rd,905-688-5743,asdm789@shoppersdrugmart.ca,245 Pelham RdSt Catharines  ONL2S 1X8,www1.shoppersdrugmart.ca/en/store-locator/store/78...
Shoppers Drug Mart - St Catharines - Scott St,905-934-4260,asdm786@shoppersdrugmart.ca,387 Scott St  Unit 1St Catharines  ONL2M 3W2,www1.shoppersdrugmart.ca/en/store-locator/store/78...
Shoppers Drug Mart - Stoney Creek - Hwy 8,905-662-9996,asdm1180@shoppersdrugmart.ca,377 Hwy 8  Unit 369Stoney Creek  ONL8G 1E7,www1.shoppersdrugmart.ca/en/Store-Locator/store/11...
Shoppers Drug Mart - Stoney Creek - King St E,905-662-4092,asdm1050@shoppersdrugmart.ca,1 King St EStoney Creek  ONL8G 1J7,www1.shoppersdrugmart.ca/en/Store-Locator/store/10...
Shoppers Drug Mart - Stoney Creek - Mud St W,905-560-6363,asdm1204@shoppersdrugmart.ca,270 Mud St W  Unit 1Stoney Creek  ONL8J 3Z6,www1.shoppersdrugmart.ca/en/Store-Locator/store/12...
Shoppers Drug Mart - Waterdown,905-689-7923,asdm1054@shoppersdrugmart.ca,25 Hamilton St NWaterdown  ONL0R 2H6,www1.shoppersdrugmart.ca/en/Store-Locator/store/10...
Shoppers Drug Mart - Welland - Niagara St N (Seaway Mall),905-735-7525,asdm793@shoppersdrugmart.ca,800 Niagara St N  Unit H2Welland  ONL3C 5Z4,www1.shoppersdrugmart.ca/en/store-locator/store/79...
Shoppers Drug Mart - Welland - Ontario Rd (Rose City Plaza),905-788-2111,asdm795@shoppersdrugmart.ca,825 Ontario RdWelland  ONL3B 5V6,www1.shoppersdrugmart.ca/en/store-locator/store/79...
Shoppers Drug Mart - Welland - South Pelham Rd,905-735-5644,asdm1194@shoppersdrugmart.ca,595 South Pelham RdWelland  ONL3C 3C7,www1.shoppersdrugmart.ca/en/store-locator/store/11...
Shoppers Simply Pharmacy - Burlington - 2951 Walkers Line (Halton Family Health Centre),905-639-3608,asdm3018@shoppersdrugmart.ca,2951 Walkers LineBurlington  ONL7M 4Y1,www1.shoppersdrugmart.ca/en/Store-Locator/store/30...
Silver Fox Pharmacy,,info@silverfoxrx.ca,5040 Mainway  Unit 2Burlington  ONL7L 5Z1,www.silverfoxrx.ca
SmartMeds Pharmacy - Burlington - Cumberland Ave,905-336-2889,pharmacy@smartmeds.ca,960 Cumberland AveBurlington  ONL7N 3J6,www.smartmeds.ca
SmartMeds Retail Pharmacy - Burlington - Northside Rd,905-336-2889,,960 Cumberland AveBurlington  ONL7N 3J6,www.smartmeds.ca
SmartsMeds Pharmacy - Burlington - Northside Rd,905-336-8672,,1252 Northside RdBurlington  ONL7M 1H6,www.smartmeds.ca
Sobeys Pharmacy - Ancaster,905-648-0283,rx7213@sobeys.com,977 Golf Links RdAncaster  ONL9K 1K1,www.sobeyspharmacy.com/location/ancaster
Sobeys Pharmacy - Brantford - Colborne St W,519-758-8126,,310 Colborne St WBrantford  ONN3T 1M2,www.sobeyspharmacy.com/location/shellard-lane
Sobeys Pharmacy - Burlington,905-332-1750,rx7269@sobeys.com,1250 Brant StBurlington  ONL7P 1X8,www.sobeyspharmacy.com/location/burlington
Sobeys Pharmacy - Paris - Grand River St N,519-442-1044,,307 Grand River St NParis  ONN3L 2N9,www.sobeyspharmacy.com/location/paris
Sobeys Pharmacy - Simcoe - Norfolk St S,519-426-6773,,438 Norfolk St SSimcoe  ONN3Y 2X3,www.sobeyspharmacy.com/location/simcoe
Sobeys Pharmacy - St Catharines - Glendale Ave,905-680-5136,rx7250@sobeys.com,343 Glendale AveSt Catharines  ONL2T 0A1,www.sobeyspharmacy.com/location/glendale-merritt/
St George Ancaster Pharmacy,905-304-1200,,1144 Wilson St WAncaster  ONL9G 3K9,st-george-ancaster-pharmacy.business.site
St George Pharmacy,905-333-0022,,5295 Lakeshore RdBurlington  ONL7L 1C7,
Outpatient Pharmacy,905-521-6170,,50 Charlton Ave EHamilton  ONL8N 4A6,www.stjoes.ca/patients-visitors/hospital-amenities...
Scripts Community Pharmacy,905-573-4850,,2757 King St EHamilton  ONL8G 5E4,www.stjoes.ca/patients-visitors/hospital-amenities...
Pharmacy,905-522-1155 ext 36213,,100 West 5th StHamilton  ONL8N 3K7,
St Michael's Pharmacy,905-521-9070,,1568 Main St WHamilton  ONL8S 1E7,
Stamford Pharmacy,905-357-5050,,4256 Portage RdNiagara Falls  ONL2E 6A4,
Stoney Creek Medical Pharmacy,905-664-3311,,980 Queenston RdStoney Creek  ONL8G 1B9,
Synpharm,905-634-5050,,5195 Harvester Rd  Unit 11Burlington  ONL7L 6E9,
Terrace Hill Pharmacy,519-720-0877,,217 Terrace Hill St  Unit 120Brantford  ONN3R 1G8,
TLS Regal Care Drug Mart,905-526-4842,,480 Stone Church Rd E  Unit 2Hamilton  ONL8W 0B1,
Total Health Pharmacy - Burlington,905-637-3377,thp139@thpharmacy.com,3155 Harvester RdBurlington  ONL7N 3V2,www.thpharmacy.com/stores/thp-139
Total Health Pharmacy - Hamilton - 1461 Main St W,905-525-5422,thp102@thpharmacy.com,1461 Main St WHamilton  ONL8S 1C9,www.thpharmacy.com/stores/blessed-trinity-drugs-lt...
Total Health Pharmacy - Hamilton - 1685 Main St W,905-526-1000,thp135@thpharmacy.com,1685 Main St W  Suite 135AHamilton  ONL8S 1G5,www.thpharmacy.com/stores/total-health-pharmacy-13...
Total Health Pharmacy - Hamilton - Concession St (Lopresti Pharmacy),905-383-2189,thp128@thpharmacy.com,770 Concession StHamilton  ONL8V 1C8,www.thpharmacy.com/stores/ugss-thp-store-128
Total Health Pharmacy - St Catharines,905-984-6345,thp126@thpharmacy.com,209 Glenridge Ave  Unit 6St Catharines  ONL2T 3J6,www.thpharmacy.com/stores/amsher-drugs-inc-thp-sto...
Towards Recovery Clinics - Darling St - Victoria Park Pharmacy,519-756-7251,,95 Darling StBrantford  ONN3T 2K7,www.towardsrecovery.com/pharmacies
Pharmacy,905-524-1122,,14 John St NHamilton  ONL8R 1G9,www.towardsrecovery.com
Tremont Medical Pharmacy - St Catharines,905-682-6200,tremontmedicalpharmacy@gmail.com,2A-2F Tremont DrSt Catharines  ONL2T 3B2,www.tremontmedicalpharmacy.ca
Tremont Medical Pharmacy - Welland - Prince Charles Dr N (Prince Charles Pharmacy),905-735-8200,,555 Prince Charles Dr NWelland  ONL3C 4J6,www.tremontmedicalpharmacy.ca
True Vine Pharmacy,905-570-1111,,90 Wellington St NHamilton  ONL8R 1N1,
Trutina Pharmacy,905-304-9300,info@trutinapharmacy.com,50 Bittern St  Unit 6Ancaster  ONL9G 4V5,www.trutinapharmacy.com/human
Unimed Dispensaries,289-812-1256,,3325 North Service Rd  Unit 11ABurlington  ONL7N 3G2,www.unimeddispensaries.ca
University Pharmacy,519-720-9910,,160 Colborne StBrantford  ONN3T 2G6,www.downtownbrantford.ca/university-pharmacy
Upper Gage Pharmacy,905-574-5000,,558 Upper Gage Ave  Unit 6Hamilton  ONL8V 4J6,
Upper James Clinic Pharmacy,,upperjamespharmacy@live.ca,609 Upper James StHamilton  ONL9C 2Y9,www.upperjames.ca
Upper Ottawa Pharmacy,905-645-0500,,1447 Upper Ottawa St  Unit 2Hamilton  ONL8W 3J6,
Valley Way Pharmacy,905-354-1979,,6150 Valley Way  Unit 103Niagara Falls  ONL2E 1Y3,
Walkers Medical Pharmacy,905-335-5959 ext 1,,1821 Walkers LineBurlington  ONL7M 0H6,
Walmart Pharmacy - Ancaster,905-648-3517,,1051 Garner Rd WAncaster  ONL9G 3K9,www.walmart.ca/en/ancaster-supercentre/3127
Walmart Pharmacy - Brantford - King George Rd,519-756-6503,,300 King George Rd  Unit 1Brantford  ONN3R 5L7,www.walmart.ca/en/brantford-supercentre/3005
Walmart Pharmacy - Burlington - Dundas St,905-319-3630,,4515 Dundas StBurlington  ONL7M 5B4,www.walmart.ca/en/burlington-north-supercentre/317...
Walmart Pharmacy - Burlington - Fairview St,905-637-3321,,2065 Fairview StBurlington  ONL7R 0B4,www.walmart.ca/en/burlington-supercentre/3141
Walmart Pharmacy - Fort Erie,905-991-1025,,750 Garrison RdFort Erie  ONL2A 1N7,www.walmart.ca/en/fort-erie-supercentre/3649
Walmart Pharmacy - Hamilton - Barton St E (Hamilton Centre Supercentre),905-548-6270,,1115 Barton St EHamilton  ONL8H 2V2,www.walmart.ca/en/hamilton-centre-supercentre/1121
Walmart Pharmacy - Hamilton - Mohawk Rd E (County Fair Plaza),905-389-2755,,County Fair Plaza499 Mohawk Rd EHamilton  ONL8V 4L7,www.walmart.ca/en/county-fair-hamilton-store/1154
Walmart Pharmacy - Hamilton - Rymal Rd E (Hamilton Mountain Supercentre),905-692-2628,,2190 Rymal Rd EHannon  ONL0R 1P0,www.walmart.ca/en/walmart-hamilton-mountain-superc...
Walmart Pharmacy - Hamilton - Upper James St,905-389-2322,,675 Upper James StHamilton  ONL9C 2Z5,www.walmart.ca/en/upper-james-supercentre/3037
Walmart Pharmacy - Niagara Falls,905-371-3335,,7481 Oakwood DrNiagara Falls  ONL2G 0J5,www.walmart.ca/en/niagara-falls-supercentre/3160
Walmart Pharmacy - Simcoe - Queensway E,519-426-2586,,160 Queensway ESimcoe  ONN3Y 0A8,www.walmart.ca/en/simcoe-supercentre/5752
Walmart Pharmacy - St Catharines - Glendale Ave (Pen Centre),905-682-4949,,221 Glendale AveSt Catharines  ONL2T 2K9,www.walmart.ca/en/st-catharines-fairview-store/116...
Walmart Pharmacy - St Catharines - Vansickle Rd,905-687-1182,,420 Vansickle RdSt Catharines  ONL2S 0C7,www.walmart.ca/en/st-catharines-supercentre/3172
Walmart Pharmacy - St Catharines - Welland Ave,905-685-6569,,525 Welland AveSt Catharines  ONL2M 5V2,www.walmart.ca/en/st-catharines-welland-ave-superc...
Walmart Pharmacy - Stoney Creek,905-561-3531,,500 Centennial Pkwy NStoney Creek  ONL8E 0G2,www.walmart.ca/en/stoney-creek-supercentre/3096
Walmart Pharmacy - Waterdown,905-690-8769,,90 Dundas St EWaterdown  ONL9H 0C2,www.walmart.ca/en/waterdown-supercentre/1107
Walmart Pharmacy - Welland - Primeway Dr,905-735-3400,,102 Primeway DrWelland  ONL3B 0A1,www.walmart.ca/en/welland-supercentre/3110
Pharmacy,519-428-3329,,25 Water StSimcoe  ONN3Y 1P3,www.grandriverpharmacybrantford.ca/simcoe
Waterford Pharmacy and Health Food,519-443-0123,,29 Alice StWaterford  ONN0E 1Y0,
Welland Medical Pharmacy,905-788-1766,,165 Plymouth RdWelland  ONL3B 3E1,
West End Pharmacy - Hamilton - King St W,905-540-4991,westend.pharmacy@yahoo.com,174 King St WHamilton  ONL8P 1A5,www.westendpharmacy.net/king-st
West End Pharmacy - Hamilton - Main St W,905-521-4991,westend.pharmacy@yahoo.com,690 Main St WHamilton  ONL8S 1A4,www.westendpharmacy.net/main-st
West Main Community Pharmacy,905-735-0600,,154 West Main St  Unit 5Welland  ONL3C 5A2,
Westdale Pharmacy,905-528-5144,,1309 Main St W  Unit 4Hamilton  ONL8S 1C5,westdale-pharmacy.business.site
Westdale Wellness Pharmacy,289-779-0099,,701 Main St W  Unit 100Hamilton  ONL8S 1A2,
Westmount Pharmacy,905-575-9090,ceddy.westmount@gmail.com,723 Rymal Rd W  Unit 200Hamilton  ONL9B 2W2,www.westmountmedicalpharmacy.ca
Whitney Plaza Pharmacy,905-529-9800,,1819 Main St WHamilton  ONL8S 1H6,www.whitneymedicalclinic.com/pharmacy.html
Willaert Pharmacy,519-583-3335,,87 Thompson DrPort Dover  ONN0A 1N4,
Wincare Drug Mart,519-751-4555,wincaredrugmart18@gmail.com,Medical Arts Building353 St Paul AveBrantford  ONN3R 4N3,www.wincaredrugmart.com
Zehrs DRUGStore Pharmacy - Brantford - Fairview Dr,519-754-4798,phr00540@loblaw.ca,410 Fairview DrBrantford  ONN3R 7V7,www.zehrs.ca/store-locator/details/0540
Zehrs DRUGStore Pharmacy - Brantford - King George Rd N,519-751-8990,phr00543@loblaw.ca,290 King George Rd NBrantford  ONN3R 5L8,www.zehrs.ca/pharmacy?storeId=0543
Zehrs DRUGStore Pharmacy - Caledonia - Argyle St S,905-765-3866,phr00519@loblaw.ca,322 Argyle St SCaledonia  ONN3W 1K8,www.zehrs.ca/store-locator/details/0519
Zehrs DRUGStore Pharmacy - Niagara Falls,905-358-2787,,6940 Morrison StNiagara Falls  ONL2E 7K5,www.zehrs.ca/pharmacy?storeId=0537
Zehrs DRUGStore Pharmacy - St Catharines - Geneva St (Fairview Mall),905-646-1316,,285 Geneva StSt Catharines  ONL2N 2G1,www.zehrs.ca/pharmacy?storeId=0536
Zehrs DRUGStore Pharmacy - St Catharines - Glendale Ave,905-984-3394,,The Pen Centre221 Glendale AveSt Catharines  ONL2T 2K9,www.zehrs.ca/store-locator/details/0522
Zehrs DRUGStore Pharmacy - Welland - Niagara St,905-732-9010,,821 Niagara StWelland  ONL3C 1M4,www.zehrs.ca/store-locator/details/0550
Calea,905-283-3520 or 905-624-1234,,2785 Skymark Ave  Unit 2Mississauga  ONL4W 4Y3,www.calea.ca
Pharmasave - Port Rowan,519-586-3983,PRpharmasave@gmail.com,PO Box 39Port Rowan  ONN0E 1M0,www.portrowanpharmasave.com
